Marca,Modelo,Año,Versión,Color,Tipo de combustible,Puertas,Transmisión,Motor,Con cámara de retroceso,Kilómetros,Título,Precio,Moneda,Descripción,Tipo de vendedor,HP,Tracción
Toyota,SW4,2022.0,srx 204c,Plateado,Diésel,5.0,AUTOMÁTICA,,,11900.0,Toyota SW4 SRX 204C,63500000.0,$,El vendedor no incluyó una descripción del producto,particular,,
Volkswagen,Nivus,2022.0,tsi comfortline l22,Gris,Nafta,5.0,AUTOMÁTICA,,Sí,49000.0,Volkswagen Nivus TSI COMFORTLINE AT L22,25000.0,US$,"Autos Pilar Premium te ofrece un amplio stock de más de 250 vehículos, incluyendo autos, pick-ups, SUV, motos y embarcaciones. Contamos con unidades premium en óptimas condiciones, con garantía de 3 meses, ampliable hasta 12 meses.Aceptamos múltiples formas de pago: propiedades, lotes, criptomonedas, transferencias bancarias, cheques y permutas, además de planes de financiación propios y bancarios. Nuestro objetivo es brindarte una experiencia de compra premium, respaldada por nuestra amplia oferta y flexibilidad en las transacciones.Ahora, con AP SHARE, llevamos la exclusividad a otro nivel: Accedé a vehículos de alta gama sin necesidad de compromiso con una sola unidad. Cambiá de modelo según el plan contratado, disfrutando siempre de distintos modelos con total previsibilidad. Olvidate de costos de transferencia y patentamiento. Disfrutá de un concepto innovador en Argentina, reservado para un grupo selecto. Manejá siempre algo nuevo, sin caer en la rutina.Somos Autos Pilar, somos Premium. ¡Conocenos!",concesionaria,,
Mini,Cooper Countryman,2024.0,countryman cooper s classic confort,Rojo,Nafta,5.0,AUTOMÁTICA,,Sí,0.0,Mini Countryman Cooper S Classic Confort Genco Mini,51900.0,US$,"Estimados Clientes:Consulte por finaciacionGarantia 3 años o 200.000 kmServicio SOS mientras el vehiculo conserve su garantia!Estamos ubicados en Rodriguez Peña 401 de Godoy Cruz, a la par del supermercado Makro.Concesionario oficial:BMW, MINI, BMW Motorrad, en Mendoza. Contamos con área de ventas de Usados.Contamos con servicio de PostVenta:- Talleres: con personal profesional altamente capacitado ofrecemos servicios mecánicos, como así también de estética automotriz, con personal altamente calificado, tecnología e insumos del más alto nivel para garantizar la calidad de nuestros servicios.- Sector de Repuestos y Accesorios: donde podrá conseguir todo lo necesario para su vehículo.Sin duda nuestra trayectoria nos respalda. No dude en contactarnos.",concesionaria,192.0,
Volvo,XC40,2024.0,p8 recharge,Gris,Eléctrico,5.0,AUTOMÁTICA,,Sí,0.0,Volvo Xc40 P8 Awd Recharge Ultimate Dark,89000.0,US$,"Nuevo VOLVO XC40 P8 AWD RECHARGEDiseño, Seguridad y Tecnología cuidando el medio ambiente.100% Eléctrico.Potencia: 408 hp. Torque: 660 NmTracción AWDAutonomía uso mixto aprox 420 kmIntellisafe - Conjunto de tecnologías de asistencia para tu seguridadPilot Assist - Conjunto de tecnologías capaces de proporcionar una conducción asistida hasta 130 km/h P Blis - Sistema de información para punto ciego con alerta de tráfico cruzado Soporte de Mitigación de colisión trasera Google Service Panel de instrumentos digital 12,3"" Cargador de smartphone inalámbrico Sistema de audio Harman KardonSensor delantero y trasero, con cámara 360° Asientos de Cuero Nubuck calefaccionados Luces delanteras LED activas con Sistema Cornering LightsTecho panoramico eléctricoGIORGI AUTOMOTORES S.A.Concesionario Ofiicial VOLVO en RosarioPERMUTAS / FINANCIACION / LEASING",concesionaria,408.0,4x4
BAIC,X55,2025.0,x luxury,Blanco,Nafta,5.0,AUTOMÁTICA,,No,500.0,Baic X 55 Luxury Cvt 2025,41000.0,US$,"************FERNANDEZ AUTOS Usados y 0km de todas las marcas!Seguinos en redes!************* FINANCIACIONES Financiamos hasta el 60% del valor publicado en cuotas fijas solo presentando tu DNI!* PERMUTASTomamos tu usado en parte de pago, vehiculos con un maximo de 10 años de antiguedad y menos de 100.000kms!* GESTORIAContamos con gestoria propia para ofrecer mayor seguridad a la hora de transferir tu vehiculo! * CONSIGNACIONESVendemos tu auto en menos de 30 dias, te garantizamos la transferencia y te entregamos el dinero en efectivo!* ESPERAMOS TU CONSULTA VIRTUAL O PRESENCIAL EN NUESTRO CONCESIONARIO!",concesionaria,,
Peugeot,3008,2023.0,gt pack hibrid,Blanco,Híbrido/Nafta,5.0,AUTOMÁTICA,,,60000.0,Peugeot 3008 Gt Pack Hybrid 4,43500.0,US$,Impecable de donde lo mires. 4 cubiertas recién colocadas. Acepto ofertas razonables. Soy particular.,particular,,
Land Rover,Evoque,2013.0,si4,Blanco,Nafta,5.0,,,,113500.0,Range Rover Evoque,33000.0,US$,El vendedor no incluyó una descripción del producto,concesionaria,,
Ford,Bronco,1981.0,v8,Marrón,Nafta,2.0,MANUAL,,,1111111.0,Ford Bronco V8,65000.0,US$,2 dueños únicamenteÚnica x su estado100X100 originalMotor v8 302 caja manualLlantas American Racing nuevas 10cubiertas bf goodrich 35/12.5/15,concesionaria,,
BMW,X1,2019.0,sdrive i,Blanco,Nafta,5.0,AUTOMÁTICA,,Sí,63224.0,BMW X1 Sdrive 18 I,37500.0,US$,VENDO: BMW X1 - SDRIVE 1.8i TURBO ACTIVE AÑO 2019 - 63.224 KMS.SERVICE REALIZADO EN BREMEN SA - EL 02-01-2025 - ver foto - PRÓXIMO 01-01-2027SE LE REALIZÓ: CAMBIO DE FILTRO DE ACEITE Y AIRE Y CONTROL DE FLUIDOS.CAMBIO DE ACEITE DE LA CAJA AUTOMÁTICA ( EL PRÓXIMO EN 50.000 KMS)CONTROL DE SISTEMA DE AVISOS - DIAGNOSTICO E INSPECCIÓN DEL VEHÍCULO.TIENE 4(CUATRO) CUBIERTAS NUEVAS MICHELIN 225/50 R18 PRIMACY - RUN FLATCAMBIADAS A LOS 55.600 KMS.SE REALIZÓ EL CAMBIO DE LA PANTALLA POR UN STEREO MULTIMEDIA BMW X1 EVO.CARPLAY -ANDROID AUTO - SISTEMA PLUG AN PLAY ( SE ENTREGA PANTALLA ORIGINAL) - CÁMARA DE REVERSA.SISTEMA DE RECUPERO VEHICULAR LO JACK PAGO HASTA NOVIEMBRE 2025VTV VIGENTE HASTA MAYO 2026 .ASEGURADA EN FEDERACIÓN PATRONAL CONTRA TODO RIESGO.PINTURA ORIGINAL DE FABRICA - INMACULADA - CONSIDERO LA MEJOR.DE TODO LO DESCRIPTO CUENTO CON FACTURAS DE RESPALDO.NO ACEPTO PERMUTA. AGENCIAS / REVENDEDORES FAVOR ABSTENERSE.,particular,,
Volkswagen,Nivus,2021.0,200 tsi comfortline l20,Blanco,Nafta,5.0,AUTOMÁTICA,,Sí,107256.0,Volkswagen Nivus 200 TSI COMFORTLINE AT L20,22800000.0,$,El vendedor no incluyó una descripción del producto,concesionaria,,
Land Rover,Range Rover Sport,2025.0,autobiography phev,Negro,Híbrido/Nafta,5.0,AUTOMÁTICA,,,0.0,Land Rover Range Rover Sport AUTOBIOGRAPHY PHEV,315000.0,US$,"RANGE ROVER SPORT AUTOBIOGRAPHYVEHÍCULO HIBRIDO ENCHUFABLEAUTONÓMÍA ELÉCTRICA URBANA/INTERURBANA 100KM VELOCIDAD MAX 140KM/HPOTENCIA COMBINADA 460HP-----------------------------------------APPLE CARPLAY / ANDROID AUTO - WIRLESSASIENTOS ELÉCTRICOS VENTILADOS Y CALEFACIONADOSASIENTOS CON 22 TIPOS DE MASAJESAPERTURA Y ENCENDIDO POR PRESENCIAAVISO DE PUNTO CIEGOASISTENCIA EN LA PERMANENCIA DEL CARRILALERTA DE TRÁFICO CRUZADOASISTENTE DE PARTIDA EN PENDIENTEALL TERRAIN PROGRESS CONTROLBLACK PACKCARGA INALAMBRICA DE CELULARCÁMARA 360°CIERRE SOFT PUERTASCLIMATIZACIÓN DE 3 ZONASCRUCERO ADAPTATIVOCOLUMNA DE DIRECCIÓN ELÉCTRICADIFERENCIAL CON ACTIVACIÓN ELECTRÓNICAFAROS PREMIUM LEDLLANTAS 20""PANTALLA CENTRAL 11.4""PANTALLAS INFOENTRETENIMIENTO TRASERASRUEDA DE AUXILIO ORIGINALSUSPENSIÓN ELECTRÓNICA DE AIRESISTEMA DE SONIDO MERIDIANTECHO PANORÁMICO CON APERTURA ELÉCTRICATERRAINSE RESPONSE 2-----------------------------------------Ditecar S.A. Concesionario oficial Land Rover en ArgentinaCoordinar cita previaPROXIMAMENTE VIA VIVA - BELGRANO AV DEL LIBERTADOR Y LACROZESucursal Nuñez CabaAVDA. DEL LIBERTADOR 6356 - CABA.Estacionamiento exclusivo para clientes.Lunes a Viernes de 9hs a 18hs",concesionaria,460.0,
BMW,X1,2025.0,e xline,MINERALWEISS METALLIC,Nafta,5.0,AUTOMÁTICA,,Sí,0.0,BMW X1 25 E XDRIVE XLINE,89900.0,US$,El vendedor no incluyó una descripción del producto,concesionaria,,4x4
BMW,X6,2017.0,m,Negro,Nafta,5.0,AUTOMÁTICA,,,37500.0,Bmw X6m 575cv,135000.0,US$,"BMW X6 M AÑO 201737.500KMServicios oficialesPPF Negro brillante completo colocado hace 6 meses(El color de la camioneta original, es Long Beach Blue Metallic) Solo ingresaron 2 al pais de dicho color.AUTOWORKS - TOMAMOS PERMUTAS",particular,575.0,
D.S.,DS7 Crossback,2022.0,ds crossback e-tense 300 bastile+,Gris,Híbrido/Nafta,5.0,AUTOMÁTICA,,Sí,30000.0,Ds 7 Crossback E-tense 4x4 300 Hp Bastille+,52500.0,US$,300 HPModo eléctrico autonomía 50 kmCargador domiciliario incluido5ta rueda de aleación No paga patentes CABAImpecable,particular,300.0,4x4
BMW,X4,2025.0,i m sport,Negro,Nafta,5.0,AUTOMÁTICA,,Sí,0.0,BMW X4 30 I XDRIVE M SPORT,106900.0,US$,AUTO MUNICH,concesionaria,,4x4
D.S.,DS7 Crossback,2022.0,ds crossback e-tense 300 bastile+,Gris,Híbrido/Nafta,5.0,AUTOMÁTICA,,Sí,30000.0,Ds 7 Crossback E-tense 4x4 300 Hp Bastille+,52500.0,US$,300 HPModo eléctrico autonomía 50 kmCargador domiciliario incluido5ta rueda de aleación No paga patentes CABAImpecable,particular,300.0,4x4
BMW,X1,2025.0,i,Blanco,Nafta,5.0,AUTOMÁTICA,,,0.0,BMW X1 Xdrive 20 I,79900.0,US$,"Desde BMW AutoPremier tenemos para ofrecerte una BMW X1 Xdrive 20i 2025 en excelente estado.Por favor con el fin de brindarte una buena atención, te invitamos a coordinar una cita previamente y así asegurarnos que la unidad de tu interés esté lista y preparada en nuestro salón.Nuestros horarios de atención son de lunes a viernes de 9:00 a 19:00hs y sábados de 10:00 a 14:00hs.Antes cualquier duda o comentario quedamos a tu entera disposición",tienda,204.0,4x4
Volkswagen,Taos,2024.0,highline 250tsi,Plateado,Nafta,5.0,AUTOMÁTICA,,Sí,0.0,Volkswagen Taos Highline 250Tsi AT,44250000.0,$,* Concesionario Oficial Volkswagen casa central*AÑO 2025HASTA $16.000.000 EN CUOTAS FIJAS Y SIN INTERES !!!-CONTADO-CONTADO CON FINANCIACIÓN -CONTADO CON FINANCIACIÓN Y TOMA DE TU USADO AL MEJOR PRECIO ESPERO TU CONTACTO*PRECIO EXCLUSIVO COMPRA ONLINE*,concesionaria,,
Suzuki,Grand Vitara,2002.0,jlx td mazda diesel,Verde,Diésel,5.0,MANUAL,,No,255000.0,Suzuki Grand Vitara Jlx Td Mazda Diesel,8000000.0,$,El vendedor no incluyó una descripción del producto,concesionaria,,
BMW,X4,2018.0,20i,Azul,Nafta,4.0,AUTOMÁTICA,,,65000.0,Bmw X4 20i,50000.0,US$,BMW X4 20IAÑO 201865.000 KILOMETROSTITULAR AL DIA LISTA PARA TRANSFERIRTOMAMOS TU USADO CON LA MEJOR COTIZACION DEL MERCADOFINANCIAMOS CON BANCOS DE PRIMERA LINEA,concesionaria,,
D.S.,DS7,2025.0,etense,Negro,Híbrido/Nafta,5.0,AUTOMÁTICA,,Sí,0.0,D.S. DS7 ETENSE,86520000.0,$,"DS7 ETENSE HIBRIDO ELECTRICO ENCHUFABLE 4X4 300CVMotor hibrido recargable de 300cvTracción en las 4 ruedasAutonomía máxima 100% eléctrica (wltp) hasta 63km en ciclo urbanoDe 0 a 100km/h en 5,9 segundos  NATALIA HERNANDEZ11-5620-4741Panamericana km 46.800 Ramal PilarDS STORE PILAR",concesionaria,300.0,
BMW,X3,2018.0,30i,Gris,Nafta,5.0,AUTOMÁTICA,,,53000.0,BMW X3 30i XDRIVE AT,69900.0,US$,"Desde AutoPremium Usados Seleccionados tenemos para ofrecerte un BMW X3 30i X-drive AT año 2018 con 58.000 km.POSEE BLINDAJE RB3 EN STRONG DE DIETRICHPosee todos los servicios oficiales realizados. Cuenta con toda la documentación al día, listo para transferir.El precio publicado es en dolar informal TC venta.Características destacadas:- CAJA AUTOMATICA DE 8VA- LLANTAS DE ALEACION- FAROS DE LED- NAVEGADOR- SENSOR DE ESTACIONAMIENTO- CAMARA DE RETROCESO- TAPIZADO DE CUERO- TECHO ELECTRICO- CLIMATIZADOR AUTOMATICO- USB- BLUETOOTH",concesionaria,,4x4
Volkswagen,Nivus,2022.0,200 tsi comfortline l22,Gris,Nafta,5.0,AUTOMÁTICA,,Sí,73500.0,Volkswagen Nivus 200 TSI COMFORTLINE AT L22,30000000.0,$,¡Encontra tu próximo auto en Car Advice! Tenemos más de 200 vehículos disponibles.• Brindamos garantía de 3 meses para el motor y la caja de cambios.• Financiamos hasta el 50% del valor del vehículo.• Recibimos tu usado a la mejor cotización del mercado.Ofrecemos una experiencia de compra satisfactoria que nos distingue como una opción confiable en el mercado.Nuestros clientes nos avalan con calificación de 5 estrellas en Google.Podes visitarnos en cualquiera de nuestras tres sucursales en Ciudad de Córdoba:• Bv. Los Granaderos 3110• Av. Caraffa 2883• Octavio Pinto 3169Horario de atención:Lunes a viernes de 9:30 a 19hs.Sábados de 9:30 a 14hs.¡Te esperamos para elegir tu próximo auto!,concesionaria,,
Toyota,SW4,2018.0,tdi srx l16,Negro,Diésel,5.0,AUTOMÁTICA,,Sí,177000.0,Toyota Sw4 Tdi Srx At L16,43000.0,US$,¡Encontra tu próximo auto en Car Advice! Tenemos más de 200 vehículos disponibles.• Brindamos garantía de 3 meses para el motor y la caja de cambios.• Financiamos hasta el 50% del valor del vehículo.• Recibimos tu usado a la mejor cotización del mercado.Ofrecemos una experiencia de compra satisfactoria que nos distingue como una opción confiable en el mercado.Nuestros clientes nos avalan con calificación de 5 estrellas en Google.Podes visitarnos en cualquiera de nuestras tres sucursales en Ciudad de Córdoba:• Bv. Los Granaderos 3110• Av. Caraffa 2883• Octavio Pinto 3169Horario de atención:Lunes a viernes de 9:30 a 19hs.Sábados de 9:30 a 14hs.¡Te esperamos para elegir tu próximo auto!,concesionaria,,
BMW,X1,2025.0,18i okm 2025,Negro,Nafta,5.0,AUTOMÁTICA,,,0.0,Bmw X1 18i Okm 2025 - No Audi Q3 Ni Mercedes Gla,65000.0,US$,"BMW X1 18i XDRIVE Okm 2025Entrega inmediata - Versión fullLINEA NUEVA 2025 - AutomáticaLa más esperada del añoLa versión full agrega doble techo + asiento eléctrico + Llanta deportivaColores disponibles: Blanca / negra / grisPrecio Lista / Permuta u$s 69.900 dólaresPrecio Contado Efectivo u$s 65.000 dólares• TOMA DE USADOS:Deberá mandarnos por whatsapp :Fotos - Km - Año - Versión - Estado de neumáticosEl usado puede ser de cualquier marcaLa toma del usado se hace sobre el precio de listaDesde el botón WHATSAPP se contacta inmediatamente.•Respondermos su consulta por whatsapp en el momento •Concesionario oficial BMWMisael Ferrer+ Aceptamos Transferencia en Pesos o Dólares ++ Cuentas bancarias en todos los bancos +• Bell Motors - Concesionario oficial BMW •Compre tranquilo, compre en concesionario oficial• ATENCIÓN PERSONALIZADA• DOCUMENTACIÓN AL DÍA Y LISTA PARA PATENTARContamos con Administración y GestoríaEspecificaciones del vehículo:Motor 3 cilindros / 140 hpTransmisión Caja de cambios automática de 7 velocidades con tecnología de embrague doble y aplicación más deportivaTracción 4x2Tanque de gasolina 51 litrosRendimiento Combinado: 6.0 LEquipamiento exteriorDoble techo eléctrico panorámicoLlantas de aleación ligera de 18 pulgadasNeumáticos de emergenciaPaquete de espejos retrovisores exteriores plegablesAccionamiento automático del portón traseroCámara para marcha atrásPaquete de retrovisores interior y exterioresSensores de estacionamiento delanteros y traserosAcceso confort: no necesita llave para abrir y cerrar las puertasEl portón trasero se abre pasando el píe por debajo del paragolpes.Estaciona completamente sólo paralelo o perpendicular.Asistente de luz de carreteraEquipamiento interiorCargador inalámbrico para el celularVolante multifuncionalAlfombrillas de veloursRetrovisor interior, con ajuste automático anti-deslumbramientoReposabrazos delanteroAsientos deportivos para conductor eléctrico con memoriaPaquete de compartimentosClimatizador automático bi zonaPaquete de iluminación exterior e interiorVolante deportivo de cueroTapizado de cuero microperforadoComunicación y entretenimientoApple CarPlay y Android auto incluidos de fábricaAppsSeguridadTornillos antirrobo para las llantasDispositivo de alarmaIluminación y visibilidadFaros LED con contenido ampliado adaptativoAsistencia a la conducciónCaja de cambios Steptronic Sport con doble embragueControl de crucero con función de frenadoPantalla táctil curva de de 11 pulgadas",concesionaria,140.0,
Hyundai,Tucson,2025.0,premium,Blanco,Nafta,5.0,AUTOMÁTICA,,Sí,0.0,Hyundai Tucson 2WD AT Premium,48900.0,US$,"NEW TUCSON 2025 , concesionario y service oficial. reservá la tuya!",concesionaria,,4x2
Volkswagen,Nivus,2024.0,200 tsi comfortline,Negro,Nafta,5.0,AUTOMÁTICA,,Sí,9700.0,Volkswagen Nivus 200 TSI COMFORTLINE AT,31700000.0,$,Usados finamente seleccionados y 0km con financiaciones exclusivas.,concesionaria,,
Volkswagen,Tiguan Allspace,2024.0,350 tsi,Gris,Nafta,5.0,AUTOMÁTICA,,Sí,0.0,Volkswagen Tiguan,58500000.0,$,**Concesionario Oficial; 98 años en el rubro brindando seriedad y compromiso**El precio publicado no incluye flete y formularios; -Contamos con financiaciones en cuotas fijas.-Entrega inmediata de 4 a 5 días hábiles.-Stock Físico con mas de 60 unidades propias.-Atención y proceso 100% Digital o también presencial en nuestros 2 salones de ventas!-Tomamos tu usado en parte de pago.,concesionaria,,
BMW,X3,2021.0,x3m competition,Gris,Nafta,4.0,AUTOMÁTICA,,,13500.0,Bmw X3m Competition 510 Cv,198000.0,US$,"Excepciónal estado, muy pocas en el país. Versión Competition.510CvTodos los opcionales de carbono posibles en exterior e interior.Film PPF trompa completa. Pintura enteramente de fábrica sin detalles, llantas sin detalles.Se vende de contadoSe puede ver en Palermo o Puerto MaderoKirs Motors",concesionaria,510.0,
Volvo,XC60,2023.0,t8 ultimate dark plug in hybrid,Gris,Híbrido/Nafta,5.0,AUTOMÁTICA,,,0.0,Volvo Xc60 T8 Plugh In Hybrid - Híbrido Enchufable - 462hp,103900.0,US$,"VOLVO XC60 T8 PLUGH IN HYBRID - HÍBRIDO ENCHUFABLEPOTENCIA COMBINADA 462HPAUTONOMÍA 100% ELÉCTRICA 75KMCONSULTAR STOCK Y DISPONIBILIDAD------------------------------------------------------------ACCESO SIN LLAVEAIRBAGS 6 ANCLAJES ISOFIX EN ASIENTOS LATERALES TRASEROSANDROID AUTO / APPLE CARPLAYASIENTO DE CONDUCTOR ELÉCTRICO CON AJUSTE LUMBAR DE 4 VÍASASIENTO DE CONDUCTOR CON MEMORIAASIENTO DE PASAJERO ELÉCTRICO CON AJUSTE LUMBAR DE 4 VÍASASIENTO DE PASAJERO CON MEMORIAASIENTOS DELANTEROS CALEFACCIONADOSASIENTOS DELANTEROS CON EXTENSOR ELÉCTRICOAUXILIO KIT DE REPARACIÓN BAÚL CON APERTURA ELÉCTRICA Y GESTUALBLIND SPOT INFORMATION SYSTEM + CROSS TRAFFIC ALERTCÁMARA DE ESTACIONAMIENTO 360°CAPACIDAD DEL TANQUE DE COMBUSTIBLE (LTS) 71CARGADOR INALÁMBRICO DE CELULARCITY SAFETYCLIMATIZADOR BIZONA + CLEANZONE + PM2.5COLLISION MITIGATION SUPPORT DELANTERO Y TRASEROCONECTORES USB 2 TIPO CCONTROL DE VELOCIDAD CRUCERO ADAPTATIVODISEÑO INTERIOR METAL MESHESPEJOS EXTERIORES CALEFACCIONADOS Y REBATIBLES ELÉCTRICAMENTEESPEJOS RETROVISORES ANTIENCANDILAMIENTOFAROS DELANTEROS FULL LEDGOOGLE BUILT ININTELLIGENT DRIVER INFORMATION SYSTEMLATERALES DE VENTANA NEGRO BRILLANTE LANE KEEPING AIDLLANTAS DE ALEACIÓN 21"" (1187) | 255/40 R21MODOS DE MANEJONAVEGADOR GPS (GOOGLE MAPS)PANEL DE INSTRUMENTOS DIGITAL - 12,3""PANTALLA MULTIMEDIA - 9""PILOT ASSISTRIELES DE TECHO LONGITUDINALES INTEGRADOS NEGRO BRILLANTESEGURO ELECTRÓNICO PARA NIÑOSSELECTOR DE CAMBIOS CRISTALSENSORES DE ESTACIONAMIENTO 360°SISTEMA DE SONIDO HARMAN KARDON (600W)TAPIZADO CUERO NAPPA / RG0R00TECHO PANORÁMICO CORREDIZOTELA DE TECHO EN EL INTERIOR OSCURATYRE PRESSURE MONITORING SYSTEMVOLANTE CALEFACCIONADOVOLANTE DE CUERO MULTIFUNCIÓN SPORT------------------------------------------------------------Ditecar S.A. Concesionario oficial Volvo en ArgentinaCoordinar cita previaSucursal Vicente LópezAVDA. DEL LIBERTADOR 1513 - Vicente López.Estacionamiento exclusivo para clientes.Lunes a Viernes de 9hs a 18.30hsSábados de 10hs a 14hsSucursal Nuñez CabaAVDA. DEL LIBERTADOR 6356 - CABA.Estacionamiento exclusivo para clientes.Lunes a Viernes de 9hs a 18hs",concesionaria,462.0,
BMW,X6,2025.0,i m sport,Negro,Nafta,5.0,AUTOMÁTICA,,Sí,0.0,BMW X6 40 I XDRIVE M SPORT,189900.0,US$,AUTO MUNICH,concesionaria,,4x4
Peugeot,3008,2022.0,gt pack hibrida am22,Blanco,Nafta,5.0,AUTOMÁTICA,,,42000.0,Peugeot 3008 Gt Pack Hibrida Am22,49000.0,US$,"ATENCION!! COORDINAR CITA PREVIA PARA VER ESTA UNIDAD!!!!El precio publicado es de contado y es a tipo de cambio blue del momento.FINANCIACIÓN disponible a través de crédito prendario.Peugeot 3008 GT Pack Hibrida AM22- Año 2021- 42000km.TOMAMOS UNO O MÁS USADOS EN PARTE DE PAGO.¿QUERES VENDER TU AUTO, PERO NECESITAS SEGUIR USANDOLO?¡PODEMOS TRABAJARLO DE ESA FORMA!TAMBIEN PODEMOS COMPRAR TU AUTO!Para más información contactanos.ESTACIONAMIENTO: Contamos con cocheras de cortesia enfrente.AUTOEMOCION",concesionaria,,
Volvo,XC60,2023.0,t8 plug in hybrid,Negro,Híbrido/Nafta,5.0,AUTOMÁTICA,,,0.0,Volvo Xc60 T8 462hp Plug In Hybrid,103900.0,US$,"VOLVO XC60 T8 PLUGH IN HYBRID - HÍBRIDO ENCHUFABLEPOTENCIA COMBINADA 462HPAUTONOMÍA 100% ELÉCTRICA 75KMCONSULTAR STOCK Y DISPONIBILIDAD------------------------------------------------------------ACCESO SIN LLAVEAIRBAGS 6 ANCLAJES ISOFIX EN ASIENTOS LATERALES TRASEROSANDROID AUTO / APPLE CARPLAYASIENTO DE CONDUCTOR ELÉCTRICO CON AJUSTE LUMBAR DE 4 VÍASASIENTO DE CONDUCTOR CON MEMORIAASIENTO DE PASAJERO ELÉCTRICO CON AJUSTE LUMBAR DE 4 VÍASASIENTO DE PASAJERO CON MEMORIAASIENTOS DELANTEROS CALEFACCIONADOSASIENTOS DELANTEROS CON EXTENSOR ELÉCTRICOAUXILIO KIT DE REPARACIÓN BAÚL CON APERTURA ELÉCTRICA Y GESTUALBLIND SPOT INFORMATION SYSTEM + CROSS TRAFFIC ALERTCÁMARA DE ESTACIONAMIENTO 360°CAPACIDAD DEL TANQUE DE COMBUSTIBLE (LTS) 71CARGADOR INALÁMBRICO DE CELULARCITY SAFETYCLIMATIZADOR BIZONA + CLEANZONE + PM2.5COLLISION MITIGATION SUPPORT DELANTERO Y TRASEROCONECTORES USB 2 TIPO CCONTROL DE VELOCIDAD CRUCERO ADAPTATIVODISEÑO INTERIOR METAL MESHESPEJOS EXTERIORES CALEFACCIONADOS Y REBATIBLES ELÉCTRICAMENTEESPEJOS RETROVISORES ANTIENCANDILAMIENTOFAROS DELANTEROS FULL LEDGOOGLE BUILT ININTELLIGENT DRIVER INFORMATION SYSTEMLATERALES DE VENTANA NEGRO BRILLANTE LANE KEEPING AIDLLANTAS DE ALEACIÓN 21"" (1187) | 255/40 R21MODOS DE MANEJONAVEGADOR GPS (GOOGLE MAPS)PANEL DE INSTRUMENTOS DIGITAL - 12,3""PANTALLA MULTIMEDIA - 9""PILOT ASSISTRIELES DE TECHO LONGITUDINALES INTEGRADOS NEGRO BRILLANTESEGURO ELECTRÓNICO PARA NIÑOSSELECTOR DE CAMBIOS CRISTALSENSORES DE ESTACIONAMIENTO 360°SISTEMA DE SONIDO HARMAN KARDON (600W)TAPIZADO CUERO NAPPA / RG0R00TECHO PANORÁMICO CORREDIZOTELA DE TECHO EN EL INTERIOR OSCURATYRE PRESSURE MONITORING SYSTEMVOLANTE CALEFACCIONADOVOLANTE DE CUERO MULTIFUNCIÓN SPORT------------------------------------------------------------Ditecar S.A. Concesionario oficial Volvo en ArgentinaCoordinar cita previaSucursal Vicente LópezAVDA. DEL LIBERTADOR 1513 - Vicente López.Estacionamiento exclusivo para clientes.Lunes a Viernes de 9hs a 18.30hsSábados de 10hs a 14hsSucursal Nuñez CabaAVDA. DEL LIBERTADOR 6356 - CABA.Estacionamiento exclusivo para clientes.Lunes a Viernes de 9hs a 18hs",concesionaria,462.0,
BMW,X5,2024.0,40m,Negro,Nafta,5.0,AUTOMÁTICA,,,0.0,Bmw X5 40i Xdrive 2025 / Bremen Motors Palermo,180000.0,US$,BMW X5 40I LINEA 2024ENTREGA INMEDIATACONSULTE COLORES DISPONIBLESBREMEN MOTORS PALERMOAV. DEL LIBERTADOR 2230CABA11 4805 2700,tienda,,4x4
BMW,X6,2017.0,m,Blanco,Nafta,5.0,,,,35000.0,Bmw X6 M 575 Cv,148000.0,US$,"BMW X6 M 575 CV 750 NM.Versión tope de gama M.- Servicios oficiales.- PPF trompa completa + tratamiento cerámico.- Sin detalles de ningún tipo, estado sobresaliente.- 4 cubiertas 0km recién colocadas.Máximo equipo:- Rodado 21"",- Audio Bang&Olufsen,- Cierre soft close,- Tapizado cuero merino,- Interior en fibra de carbono.La mejor realmente. Considero permutas menor valor de mi interés, únicamente vehículos.",particular,575.0,
Mini,Cooper Countryman,2024.0,countryman cooper s classic confort,Rojo,Nafta,5.0,AUTOMÁTICA,,Sí,0.0,Mini Countryman Cooper S Classic Confort Genco Mini,51900.0,US$,"Estimados Clientes:Consulte por finaciacionGarantia 3 años o 200.000 kmServicio SOS mientras el vehiculo conserve su garantia!Estamos ubicados en Rodriguez Peña 401 de Godoy Cruz, a la par del supermercado Makro.Concesionario oficial:BMW, MINI, BMW Motorrad, en Mendoza. Contamos con área de ventas de Usados.Contamos con servicio de PostVenta:- Talleres: con personal profesional altamente capacitado ofrecemos servicios mecánicos, como así también de estética automotriz, con personal altamente calificado, tecnología e insumos del más alto nivel para garantizar la calidad de nuestros servicios.- Sector de Repuestos y Accesorios: donde podrá conseguir todo lo necesario para su vehículo.Sin duda nuestra trayectoria nos respalda. No dude en contactarnos.",concesionaria,192.0,
Porsche,Macan,2025.0,turbo electric,Blanco,Eléctrico,5.0,AUTOMÁTICA,,Sí,0.0,Porsche Macan Turbo Electric (g4) - Porsche Argentina,234000.0,US$,"En Nordenwagen S.A. somos el único importador y distribuidor exclusivo de Porsche para Argentina y Uruguay desde hace 32 años. Transmitimos el ADN Porsche, historia y valores de la marca; Perseguimos el entusiasmo del cliente con nuestros productos y servicios, la innovación y la sustentabilidad, abordando temas como la electro movilidad y el desarrollo de la red de cargas para vehículos eléctricos.Comercializamos vehículos nuevos y de re-estreno bajo el programa Porsche Approved, con asesores capacitados y certificados por Porsche AG.IMPORTANTE: EL PRECIO Y FOTOS DEL VEHÍCULO EXPUESTO EN LA PUBLICACIÓN CORRESPONDEN AL MODELO ENTRADA DE GAMA, Y SIN OPCIONALES SELECCIONADOS. (*IMÁGENES DE CARÁCTER ILUSTRATIVO*)- UNIDADES DE STOCK PROPIO PARA CONFIGURAR - PRUEBE NUESTRO CONFIGURADOR EN LA PÁGINA OFICIAL PORSCHE PARA SELECCIÓN DE COLORES, Y GRAN VARIEDAD DE OPCIONALESPORSCHE LANZA SU SEGUNDO MODELO TOTALMENTE ELÉCTRICO: EL NUEVO MACAN, CON MOTORES DE HASTA 639 CV (470 KW), OFRECE CARACTERÍSTICAS E-PERFORMANCE EN CUALQUIER TERRENO Y UNA ELEVADA VERSATILIDAD PARA EL USO DIARIO. LAS PRESTACIONES DE UN DEPORTIVO SE COMBINAN CON UNA CARGA RÁPIDA DE ALTO RENDIMIENTO, DE HASTA 270 KW, Y CON UNA AUTONOMÍA QUE LLEGA A 613 KILÓMETROS EN EL CICLO WLTP.DIEZ AÑOS DESPUÉS DE SU LANZAMIENTO, EL PORSCHE MACAN SE DIRIGE HACIA SU SEGUNDA GENERACIÓN, AHORA CON PROPULSIÓN CIEN POR CIEN ELÉCTRICA. CON LOS NUEVOS MACAN 4 Y MACAN TURBO, PORSCHE QUIERE SATISFACER POR COMPLETO LAS EXPECTATIVAS DE SUS CLIENTES QUE ELIGEN UN SUV. ESTO ES POSIBLE GRACIAS A UN DISEÑO EVOLUCIONADO Y ATEMPORAL, A LAS PRESTACIONES CARACTERÍSTICAS DE LOS MODELOS DE LA MARCA, A SU AUTONOMÍA PARA LARGOS RECORRIDOS Y A SU GRAN FUNCIONALIDAD EN EL DÍA A DÍA. PORSCHE UTILIZA EXCLUSIVAMENTE LA ÚLTIMA GENERACIÓN DE MOTORES ELÉCTRICOS DE IMANES PERMANENTES (PSM) EN LOS EJES DELANTERO Y TRASERO. GRACIAS A ELLO LOGRA UNA EFICIENCIA EXCELENTE Y HACE POSIBLE QUE LAS PRESTACIONES SE PUEDAN REPETIR DE FORMA ÓPTIMA UNA Y OTRA VEZ. LAS CIFRAS INDICAN POR SÍ MISMAS UN RENDIMIENTO DE PRIMERA: EN COMBINACIÓN CON EL LAUNCH CONTROL, EL MACAN 4 GENERA HASTA 408 CV (300 KW) DE POTENCIA EN MODO OVERBOOST, MIENTRAS QUE EL MACAN TURBO LLEGA HASTA 639 CV (470 KW). EL PAR MÁXIMO ES DE 650 Y 1.130 NM, RESPECTIVAMENTE, LO QUE GARANTIZA UNAS MAGNÍFICAS PRESTACIONES. EL MACAN 4 ACELERA DE 0 A 100 KM/H EN 5,2 SEGUNDOS, MIENTRAS QUE EL MACAN TURBO SOLO TARDA 3,3 SEGUNDOS. LAS DOS VERSIONES ALCANZAN UNA VELOCIDAD MÁXIMA DE 220 Y 260 KM/H, RESPECTIVAMENTE.NUEVA PLATAFORMA ELÉCTRICA PREMIUM (PPE) CON ARQUITECTURA DE 800 VOLTIOSLOS MOTORES ELÉCTRICOS OBTIENEN SU ENERGÍA DE UNA BATERÍA DE IONES DE LITIO SITUADA EN LOS BAJOS DE LA CARROCERÍA, CON UNA CAPACIDAD BRUTA DE 100 KWH, DE LOS CUALES PUEDEN UTILIZARSE ACTIVAMENTE HASTA 95 KWH. LA BATERÍA DE ALTA TENSIÓN (HV) ES UN COMPONENTE CENTRAL DE LA PLATAFORMA ELÉCTRICA PREMIUM (PPE) CON ARQUITECTURA DE 800 VOLTIOS DE NUEVO DESARROLLO, QUE PORSCHE UTILIZA POR PRIMERA VEZ EN EL MACAN. LA POTENCIA DE CARGA CON CORRIENTE CONTINUA (CC) LLEGA HASTA 270 KW. LA BATERÍA PUEDE CARGARSE DEL 10 % AL 80 % EN APROXIMADAMENTE 21 MINUTOS EN UNA ESTACIÓN DE CARGA RÁPIDA ADECUADA. EN ESTACIONES DE 400 VOLTIOS, UN CONMUTADOR DE ALTA TENSIÓN PERMITE LA CARGA POR SECCIONES PORQUE DIVIDE EN DOS LA BATERÍA DE 800 VOLTIOS, CADA UNA CON UNA TENSIÓN NOMINAL DE 400 VOLTIOS. ESTO HACE ESPECIALMENTE EFICIENTE LA CARGA DE HASTA 135 KW, SIN NECESIDAD DE UN TRANSFORMADOR DE ALTA TENSIÓN ADICIONAL. LA CARGA DOMÉSTICA CON CORRIENTE ALTERNA (CA) PUEDE ALCANZAR LOS 11 KW. LOS MOTORES ELÉCTRICOS PUEDEN RECUPERAR HASTA 240 KW DE ENERGÍA DURANTE LA MARCHA. EL SISTEMA INTEGRATED POWER BOX (IPB) TAMBIÉN CONTRIBUYE A LA EFICIENCIA DE LOS NUEVOS MODELOS MACAN, AL TIEMPO QUE AHORRA PESO Y ESPACIO. EL INNOVADOR Y COMPACTO IPB COMBINA TRES COMPONENTES: EL CARGADOR INSTALADO DE CA, EL CALENTADOR DE ALTA TENSIÓN Y EL TRANSFORMADOR CC/CC. LA AUTONOMÍA COMBINADA WLTP PUEDE ALCANZAR LOS 613 KILÓMETROS EN EL MACAN 4 Y LOS 591 KM EN EL MACAN TURBO.PROPORCIONES DEPORTIVAS Y LÍNEAS DE COUPÉGRACIAS A LAS PROPORCIONES MÁS ESTILIZADAS Y AL ADN PORSCHE DESIGN, EL NUEVO MACAN TIENE UN ASPECTO DINÁMICO Y CON CARÁCTER. LA SUAVE INCLINACIÓN DEL CAPÓ Y LAS ALETAS MUY PRONUNCIADAS CONFIEREN A ESTE SUV UN ASPECTO ATLÉTICO, INCLUSO CUANDO ESTÁ PARADO. MIDE 4.784 MILÍMETROS DE LARGO, 1.938 MM DE ANCHO Y 1.622 MM DE ALTO. EL NUEVO MACAN ESTÁ EQUIPADO CON LLANTAS DE HASTA 22 PULGADAS, CON NEUMÁTICOS DE DISTINTA ANCHURA EN CADA EJE. LA DISTANCIA ENTRE EJES, 86 MM MAYOR QUE EN EL MODELO ANTERIOR (2.893 MM), SE COMPENSA CON VOLADIZOS CORTOS DELANTE Y DETRÁS. LOS GRUPOS ÓPTICOS ESTÁN DIVIDIDOS EN DOS PARTES: LA UNIDAD SUPERIOR PLANA CON LUCES DIURNAS DE CUATRO PUNTOS ESTÁ INTEGRADA EN LAS ALETAS Y ACENTÚA LA ANCHURA DEL COCHE; EL MÓDULO DE LOS FAROS PRINCIPALES, OPCIONALMENTE CON TECNOLOGÍA MATRIX LED, ESTÁ SITUADO LIGERAMENTE MÁS ABAJO EN EL FRONTAL. LA CARACTERÍSTICA FLYLINE DE PORSCHE FORMA UNA UNIDAD CON LA LUNETA TRASERA PLANA. EN COMBINACIÓN CON LAS VENTANILLAS SIN MARCO Y LAS ALETAS LATERALES, EL RESULTADO ES UN DISEÑO ELEGANTE Y DEPORTIVO. LOS HOMBROS FUERTEMENTE PRONUNCIADOS CONFIEREN A LA ZAGA UN ASPECTO MUSCULOSO. EL LOGO PORSCHE SE SITÚA AHORA EN EL CENTRO DE LA ESCULTURAL BANDA LUMINOSA EN 3D.AERODINÁMICA ACTIVA Y PASIVA PARA UNA MAYOR AUTONOMÍAPORSCHE COMBINA SU ADN DE DISEÑO CON UNA AERODINÁMICA OPTIMIZADA PARA MEJORAR LA AUTONOMÍA. GRACIAS AL SISTEMA PORSCHE ACTIVE AERODYNAMICS (PAA), CON ELEMENTOS ACTIVOS Y PASIVOS, Y UN COEFICIENTE DE RESISTENCIA AL AVANCE DE 0,25, EL NUEVO MACAN ES UNO DE LOS SUV MÁS AERODINÁMICOS DEL MERCADO, LO QUE TIENE EFECTOS POSITIVOS EN LA AUTONOMÍA Y EL CONSUMO. EL SISTEMA PAA INCLUYE EL SPOILER TRASERO ADAPTATIVO, ALETAS DE REFRIGERACIÓN ACTIVAS EN LAS TOMAS DE AIRE DELANTERAS Y CUBIERTAS FLEXIBLES EN LOS BAJOS TOTALMENTE SELLADOS. LOS DEFLECTORES SITUADOS BAJO EL MÓDULO DE LOS FAROS Y EL FRONTAL REBAJADO OPTIMIZAN EL FLUJO DE AIRE. EN LA PARTE TRASERA, LOS BORDES LATERALES Y EL DIFUSOR DE LAMAS GARANTIZAN LA EFICIENCIA AERODINÁMICA.DOS MALETEROS Y MAYOR ESPACIO INTERIOR.DEPENDIENDO DE LA VERSIÓN Y DEL EQUIPAMIENTO INSTALADO, LA CAPACIDAD TRAS EL ASIENTO POSTERIOR LLEGA HASTA 540 LITROS (MODO DE CARGA). ADEMÁS, EXISTE EL FRUNK, UN SEGUNDO MALETERO BAJO EL CAPÓ, CON UNA CAPACIDAD DE 84 LITROS. ESTO SUPONE 127 LITROS MÁS QUE EL MODELO ANTERIOR. SI EL RESPALDO DEL ASIENTO TRASERO SE ABATE POR COMPLETO, EL VOLUMEN DE LA ZONA DE CARGA POSTERIOR AUMENTA HASTA 1.348 LITROS. LA CAPACIDAD MÁXIMA DE REMOLQUE DE 2.000 KILOGRAMOS SE SUMA A LAS CUALIDADES PRÁCTICAS DEL NUEVO MACAN.DEPENDIENDO DE LA VERSIÓN Y DEL EQUIPAMIENTO, EL CONDUCTOR Y EL ACOMPAÑANTE SE SIENTAN AHORA HASTA 28 MM MÁS ABAJO QUE ANTES, MIENTRAS QUE LOS PASAJEROS TRASEROS ESTÁN 15 MM MÁS ABAJO Y TIENEN MAYOR ESPACIO PARA LAS PIERNAS. EL INTERIOR ES INCONFUNDIBLEMENTE PORSCHE: LA ANCHURA DEL PUESTO DE CONDUCCIÓN SE ACENTÚA CON UN PANEL NEGRO INTEGRADO. EL DISEÑO ASCENDENTE DE LA CONSOLA CENTRAL AUMENTA LA IMPRESIÓN DE UNA POSICIÓN BAJA Y CENTRADA EN LAS PRESTACIONES DEL VEHÍCULO. AL MISMO TIEMPO, LAS VENTANILLAS DE GRAN TAMAÑO APORTAN UNA SENSACIÓN DE LUMINOSIDAD Y AMPLITUD A LOS OCUPANTES. ADEMÁS DE LAS MODERNAS INTERFACES DE USUARIO DIGITALES, TAMBIÉN HAY ALGUNOS ELEMENTOS DE CONTROL ANALÓGICOS, POR EJEMPLO, EN LAS SALIDAS DE VENTILACIÓN Y LOS MANDOS DE LA CLIMATIZACIÓN. UNA TIRA DE LUCES LED ESTÁ INTEGRADA EN EL EMBELLECEDOR DEL HABITÁCULO Y LAS PUERTAS. ACTÚA COMO ILUMINACIÓN AMBIENTAL Y COMO LUZ DE COMUNICACIÓN. DEPENDIENDO DE LA SITUACIÓN, PROPORCIONA INFORMACIÓN O AVISOS, POR EJEMPLO, PARA SALUDAR DURANTE LOS PROCESOS DE CARGA O EN COMBINACIÓN CON LOS SISTEMAS DE ASISTENCIA AL CONDUCTOR. EL EQUIPAMIENTO DEL NUEVO MACAN PERMITE UN ALTO GRADO DE PERSONALIZACIÓN.PORSCHE TAMBIÉN SE HA PROPUESTO UTILIZAR MATERIALES MÁS ECOLÓGICOS EN SUS COCHES. UNA PARTE DE ELLOS ESTÁN PRESENTES EN ELEMENTOS SELECCIONADOS DEL INTERIOR DEL MACAN ELÉCTRICO.EXPERIENCIA DE CONDUCCIÓN: GRAN POTENCIA INFORMÁTICA Y CONECTIVIDADEL MACAN ESTÁ EQUIPADO CON EL CONCEPTO DE VISUALIZACIÓN Y MANEJO DE ÚLTIMA GENERACIÓN, CON HASTA TRES PANTALLAS, INCLUYENDO LA INSTRUMENTACIÓN INDEPENDIENTE DE 12,6 PULGADAS CON DISEÑO CURVO Y LA PANTALLA CENTRAL DE 10,9 PULGADAS. COMO NOVEDAD, EL PASAJERO DELANTERO, CON SU PROPIO DISPLAY OPCIONAL DE 10,9 PULGADAS, PUEDE VER INFORMACIÓN, AJUSTAR LA CONFIGURACIÓN DEL SISTEMA DE INFOENTRETENIMIENTO O REPRODUCIR CONTENIDOS DE VÍDEO DURANTE LA MARCHA. POR PRIMERA VEZ, EL SISTEMA PORSCHE DRIVER EXPERIENCE TAMBIÉN INCLUYE UN HEAD-UP DISPLAY CON TECNOLOGÍA DE REALIDAD AUMENTADA. ELEMENTOS VIRTUALES COMO LAS FLECHAS DE NAVEGACIÓN SE INTEGRAN VISUALMENTE A LA PERFECCIÓN EN EL MUNDO REAL. LA IMAGEN APARECE ANTE EL CONDUCTOR A UNA DISTANCIA DE 10 METROS Y EQUIVALE A LA DE UNA PANTALLA DE 87 PULGADAS.EL SISTEMA DE INFOENTRETENIMIENTO DE NUEVA GENERACIÓN SE BASA EN ANDROID AUTOMOTIVE OS. EL SISTEMA PORSCHE COMMUNICATION MANAGEMENT (PCM), DE SERIE EN EL NUEVO MACAN, LLEVA EL RENDIMIENTO INFORMÁTICO A UN NUEVO NIVEL. POR EJEMPLO, EL ASISTENTE DE VOZ “HEY PORSCHE” SUGIERE MUY RÁPIDAMENTE RUTAS, INCLUIDAS LAS PARADAS DE CARGA. EN EL NUEVO PORSCHE APP CENTRE, LOS PASAJEROS PUEDEN ACCEDER DIRECTAMENTE A APLICACIONES POPULARES DE TERCEROS PROVEEDORES E INSTALARLAS DIRECTAMENTE EN EL NUEVO MACAN.PRIMER MACAN CON DIRECCIÓN EN EL EJE TRASERO Y AMORTIGUADORES DE DOS VÁLVULASPORSCHE HA DESARROLLADO EL MACAN CENTRÁNDOSE EN LA DINÁMICA PROPIA DE LA MARCA Y EN UN TACTO DE LA DIRECCIÓN INCONFUNDIBLE. TANTO EL MACAN 4 COMO EL MACAN TURBO TIENEN TRACCIÓN TOTAL. LOS DOS MOTORES ELÉCTRICOS SE CONTROLAN A TRAVÉS DE LA ELECTRÓNICA DE POTENCIA CASI EN TIEMPO REAL. EL SISTEMA PORSCHE TRACTION MANAGEMENT (EPTM), CONTROLADO ELECTRÓNICAMENTE, FUNCIONA UNAS CINCO VECES MÁS RÁPIDO QUE UNA TRACCIÓN INTEGRAL CONVENCIONAL Y PUEDE RESPONDER AL DESLIZAMIENTO EN 10 MILISEGUNDOS. ADEMÁS, LA DISTRIBUCIÓN DE LA TRACCIÓN TOTAL SE RIGE POR EL PROGRAMA DE CONDUCCIÓN SELECCIONADO. EL PORSCHE TORQUE VECTORING PLUS (PTV PLUS), UN BLOQUEO DE DIFERENCIAL CONTROLADO ELECTRÓNICAMENTE EN EL EJE TRASERO, TAMBIÉN CONTRIBUYE A LA TRACCIÓN, LA ESTABILIDAD DE MARCHA Y EL DINAMISMO LATERAL DEL MACAN TURBO. LAS VERSIONES MACAN CON SUSPENSIÓN NEUMÁTICA, DE SERIE EN EL TURBO, ESTÁN EQUIPADAS CON EL CONTROL ELECTRÓNICO DE LA AMORTIGUACIÓN PORSCHE ACTIVE SUSPENSION MANAGEMENT (PASM). TAMBIÉN PUEDE COMBINARSE OPCIONALMENTE CON LA SUSPENSIÓN DE MUELLES DE ACERO. ADEMÁS, EL PASM DISPONE AHORA DE AMORTIGUADORES CON TECNOLOGÍA DE DOS VÁLVULAS. GRACIAS AL MAPA DE AMORTIGUACIÓN MÁS AMPLIO, SE CONSIGUE UN MARGEN MAYOR ENTRE CONFORT Y ESTABILIDAD. ESTO HACE QUE LAS DIFERENCIAS ENTRE LOS PROGRAMAS SEAN AÚN MÁS TANGIBLES.POR PRIMERA VEZ, EL MACAN DISPONE DE DIRECCIÓN OPCIONAL EN EL EJE TRASERO, CON UN ÁNGULO DE GIRO MÁXIMO DE CINCO GRADOS. PERMITE UN REDUCIDO DIÁMETRO DE GIRO DE 11,1 METROS EN EL TRÁFICO URBANO Y AL MANIOBRAR, AL TIEMPO QUE OFRECE UNA ESTABILIDAD EXCEPCIONAL A VELOCIDADES MÁS ALTAS, COMPLEMENTADA POR LA DIRECCIÓN SENSIBLE Y PRECISA DEL EJE DELANTERO POR LA QUE LA MARCA ES CONOCIDA.CARACTERÍSTICAS TÉCNICAS (DATOS OFICIALES SEGÚN PORSCHE AG):- POTENCIA HASTA (KW): 430 KW- AUMENTO SOBRE PODER CON CONTROL DE LANZAMIENTO HASTA (KW): 470 KW- AUMENTO SOBRE PODER CON CONTROL DE LANZAMIENTO HASTA (PS): 639 PS- MÁXIMO TORQUE CON CONTROL DE LANZAMIENTO: 1.130 NM- MÁXIMO TORQUE DE RUEDA CON CONTROL DE LANZAMIENTO: 10.232 NM- CONSUMO ELÉCTRICO COMBINADO: 17,2 KWH/100 KM- VELOCIDAD MÁXIMA: 260 KM/H- ACELERACIÓN 0 - 100 KM/H CON CONTROL DE LANZAMIENTO: 3,3 S- ACELERACIÓN 0 - 160 KM/H CON CONTROL DE LANZAMIENTO: 7,4 S- ACELERACIÓN 0 - 200 KM/H CON CONTROL DE LANZAMIENTO: 11,7 S- ACELERACIÓN (80-120 KM/H) (50-75 MPH) CON CONTROL DE LANZAMIENTO: 2,0 S",tienda,,
Volkswagen,Nivus,2021.0,170 tsi trendline l22,Blanco,Nafta,5.0,MANUAL,,Sí,83700.0,Volkswagen Nivus 170 TSI TRENDLINE L22,25700000.0,$,"¿Estás listo para darle un giro a tu conducción? Descubrí la excelencia de los vehículos de Autoctiy Usados. Ofrecemos una amplia gama de opciones de financiamiento diseñadas para adaptarse a tus necesidades individuales, además de la posibilidad de usar tu auto actual como parte de pago.Solo ofrecemos vehículos del 2010 en adelante, con menos de 130,000 kms recorridos y sin historial de daños estructurales.*BENEFICIOS CON AUTOCTIY USADOS:INSPECCIÓN Y GARANTÍA MECÁNICA (ISO9001): En Autoctiy Usados, la calidad es nuestra prioridad. Nuestros vehículos pasan por una exhaustiva inspección de 240 puntos realizada por nuestro equipo de expertos. Además, cuentan con kilometraje verificado y una garantía mecánica de 3 meses.*PRÓXIMOS PASOS:Contáctanos para programar una visita o reservar el vehículo de tu interés.MÉTODOS DE PAGO:    • FINANCIACIÓN A MEDIDA: Accede al auto de tus sueños con nuestro plan de financiamiento personalizado, con opciones de hasta 60 cuotas fijas.    • DEJA TU AUTO COMO PARTE DE PAGO: Cambia tu vehículo actual por uno de Autoctiy Usados.    • PAGO AL CONTADO: Realiza tu pago mediante transferencia bancaria o depósito, en pesos o dólares.¡Viví tu experiencia Autocity!",tienda,,
Ford,Bronco,1981.0,v8,Negro,Nafta,3.0,AUTOMÁTICA,,,1111111.0,Ford Bronco V8,45000.0,US$,BRONCO V8 351LOOK BRONCO 1997LLANTAS AMERICAN RACINGCAJA AUTOMATICAAIRE ACONDICIONAD( SOLO ENTENDIDOS ),concesionaria,,
Land Rover,Discovery,2021.0,hse sport sdv6,Gris,Diésel,5.0,AUTOMÁTICA,,,96000.0,Land Rover Discovery HSE SPORT SDV6,124900.0,US$,"Desde AutoPremium Usados Seleccionados tenemos para ofrecerte unaLAND ROVER DISCOVERY 5 HSE SPORT SDV6 HSEAÑO 2019 PATENTADA Y RODADA 2021 con 96.000 Kms.Cuenta con toda la documentación al día, listo para transferir.Características destacadas:- CAJA AUTOMATICA- LLANTAS DE ALEACION- CAMARA DE RETROSESO- NAVEGADOR- SENSOR DE ESTACIONAMIENTO- CLIMATIZADOR AUTOMATICO- USB- BLUETOOTH",concesionaria,,
BMW,X6,2021.0,m,Blanco,Nafta,5.0,AUTOMÁTICA,,,23000.0,BMW X6 M XDRIVE,149900.0,US$,EL PRECIO CORRESPONDE A DOLAR INFORMAL TC VENTABMW X6 MAÑO 2018 PATENTADA 2021KMS 23.000PANTALLAS EN PLAZAS TRASERAS - LAMINAS DE SEGURIDAD AUTOSEGURO - CAJA AUTOMATICA DEPORTIVA M DE 8 VELOCIDADES - SISTEMA INTELIGENTE DE TRACCION DE LAS 4 RUEDAS BMW XDRIVE - ACABADOS EN FIBRA DE CARBONO - TAPIZADO DE CUERO - SENSORES DELANTEROS Y TRASEROS - CAMARA DE RETROCESO Y CAMARA FRONTAL - LEVAS AL VOLANTE - CLIMATIZADOR 4 ZONAS - SOFT CLOSE - VOLANTE MULTIFUNCION - DIFERENTES MODOS DE MANEJO - NAVEGADOR - BLUETOOTH - TECHO DE CRISTAL ELECTRICO - PANTALLA DVD - DOCUMENTACION AL DIA - LISTO PARA TRANSFERIR,concesionaria,575.0,4x4
Citroën,C3 Aircross,2024.0,t200 feel pack,Gris,Nafta,5.0,AUTOMÁTICA,,,0.0,Citroën C3 Aircross T200 FEEL PACK 7,29900000.0,$,"***** ATENCION**** CONTAMOS CON STOCK DISPONIBLE *ENTREGA INMEDIATA!!!!EL VALOR DE LA PUBLICACION ES DE CONTADO!!!! CONSULTAR POR NUESTROS DIFERENTES TIPOS DE FINANCIACIONES ¡!!!* Mejoramos cualquier presupuesto del país * *financiacion en cuotas fijas o variables** NAVE MOTORS ** Concesionario con mas de 10 años de experiencia en vehiculos citroën **tenemos la mejor financiacion del mercado** El asesoramiento personalizado, calidad de servicio, buena atención, responsabilidad y transparencia son nuestros principales atributos para que tengas la mejor experiencia de compra ** NO DUDES Y CONSÚLTANOS ANTES DE DECIDIRTE *SIEMPRE CON ¡ENTREGA INMEDIATA!* RETIRA YA TU 0KM CON UN MÍNIMO ANTICIPO y SOLO CON DNI * (FINANCIACIÓN + DESCUENTO) * * * (FINANCIACIÓN + DESCUENTO + TOMA DE TU USADO) ** RESERVA TU TURNO PARA HACER UN TEST DRIVE ** Somos concesionario oficial citroën *",tienda,,
Chevrolet,Tracker,2018.0,premier +,Plateado,Nafta,5.0,AUTOMÁTICA,,,120000.0,Chevrolet Tracker Awd Premier +,14900.0,US$,CHEVROLET TRACKER AWD PREMIER + AÑO 2018 PRIMERA MANO LISTA PARA TRANSFERIR TOMO PERMUTAS VALOR EN PERMUTA U$S 16.000 INFO 11-5002-7704 GRACIAS,concesionaria,,4x4
Toyota,Hilux SW4,2021.0,linea nueva asientos,Blanco,Diésel,5.0,AUTOMÁTICA,,Sí,84000.0,Toyota Sw4 Srx 2021 L Nueva Titular Unica Mano,54900000.0,$,El vendedor no incluyó una descripción del producto,particular,198.0,
BMW,X1,2025.0,18i okm 2025,Blanco,Nafta,5.0,AUTOMÁTICA,,,0.0,Bmw X1 18i Okm 2025 - No Audi Q3 Ni Mercedes Gla,65000.0,US$,"BMW X1 18i Xline Okm 2025( Somos concesionario oficial BMW )Versión full - LINEA NUEVA 20254x2 - 140 cv TurboLa más esperada del añoTablero curvoLa versión full agrega doble techo + asiento eléctrico + Llanta deportivaColores disponibles: Blanca / negra / azulPrecio Lista / Permuta u$s 69.900 dólaresPrecio Contado Efectivo u$s 65.000 dólares• TOMA DE USADOS:Deberá mandarnos por whatsapp :Fotos - Km - Año - Versión - Estado de neumáticosEl usado puede ser de cualquier marcaLa toma del usado se hace sobre el precio de listaDesde el botón WHATSAPP se contacta inmediatamente.•Respondermos su consulta por whatsapp en el momento •Concesionario oficial BMWMisael Ferrer+ Aceptamos Transferencia en Pesos o Dólares ++ Cuentas bancarias en todos los bancos +• Bell Motors - Concesionario oficial BMW •Compre tranquilo, compre en concesionario oficial• ATENCIÓN PERSONALIZADA• DOCUMENTACIÓN AL DÍA Y LISTA PARA PATENTARContamos con Administración y GestoríaEspecificaciones del vehículo:Motor 3 cilindros / 140 hpTransmisión Caja de cambios automática de 7 velocidades con tecnología de embrague doble y aplicación más deportivaTracción 4x2Tanque de gasolina 51 litrosRendimiento Combinado: 6.0 LEquipamiento exteriorDoble techo eléctrico panorámicoLlantas de aleación ligera de 18 pulgadasNeumáticos de emergenciaPaquete de espejos retrovisores exteriores plegablesAccionamiento automático del portón traseroCámara para marcha atrásPaquete de retrovisores interior y exterioresSensores de estacionamiento delanteros y traserosAcceso confort: no necesita llave para abrir y cerrar las puertasEl portón trasero se abre pasando el píe por debajo del paragolpes.Estaciona completamente sólo paralelo o perpendicular.Asistente de luz de carreteraEquipamiento interiorCargador inalámbrico para el celularVolante multifuncionalAlfombrillas de veloursRetrovisor interior, con ajuste automático anti-deslumbramientoReposabrazos delanteroAsientos deportivos para conductor eléctrico con memoriaPaquete de compartimentosClimatizador automático bi zonaPaquete de iluminación exterior e interiorVolante deportivo de cueroTapizado de cuero microperforadoComunicación y entretenimientoApple CarPlay y Android auto incluidos de fábricaAppsSeguridadTornillos antirrobo para las llantasDispositivo de alarmaIluminación y visibilidadFaros LED con contenido ampliado adaptativoAsistencia a la conducciónCaja de cambios Steptronic Sport con doble embragueControl de crucero con función de frenadoPantalla táctil curva de de 11 pulgadas",concesionaria,140.0,
Alfa Romeo,Stelvio,2025.0,new tributo italiano,Blanco,Nafta,5.0,AUTOMÁTICA,,,0.0,Alfa Romeo Stelvio Tributo Italiano Q4,86000.0,US$,Alfa Romeo Stelvio Veloce 2.0T 280cv Q4 - Año Modelo 2025 - 0km - Bonificación especial por apertura de nuevo punto de venta Pilar Km47 Máximo equipamiento. Maximos niveles de seguridad y asistencias para la conducción La mejor garantía del mercado con 5 años desde su PatentamientoAlfa Romeo Giulia y Stelvio son elegidos por la Scuderia Ferrari de Fórmula 1 como los vehículos oficiales de traslado para sus pilotos y personal del equipo más importante del mundo.Unidades físicas - Entrega Asegurada Javier Barbieri - Asesor Comercial Alfa Romeo Argentina - 1161172684Nueva sucursal PILAR Panamericana km47,concesionaria,280.0,
Land Rover,Evoque,2016.0,si4,Blanco,Nafta,5.0,AUTOMÁTICA,,,130000.0,Range Rover Evoque Si4 At,43000.0,US$,"RYO AUTOMOTORES - Tu mejor opción para compra y venta de autos en una sola Agencia Multimarca.¿Buscas comprar o vender un auto de manera rápida y segura? En RYO AUTOMOTORES, te brindamos la solución perfecta. Nuestra agencia te ofrece una experiencia sin complicaciones, rápida y confiable para satisfacer tus necesidades.Con nosotros, podrás encontrar autos de calidad, completamente libres de multas y sin riesgo de fraude. Ya sea que estés buscando tu próximo vehículo o quieras vender el tuyo, en RYO AUTOMOTORES hacemos que el proceso sea fácil y seguro.¿Necesitas financiación? No te preocupes, con tan solo tu DNI podrás acceder a opciones de financiamiento. Nuestro objetivo es simplificar cada paso para que puedas conducir el auto de tus sueños de la manera más conveniente.¿Estás listo para vender tu auto? ¡Estamos aquí para ayudarte! Contáctanos y descubrí por qué somos tu mejor opción. Ofrecemos las tasas más bajas del mercado, asegurándote la mejor oferta.No dudes en solicitar más información.¡Hacé clic en ""Preguntar"" o contáctanos a través de Whatsapp! En RYO AUTOMOTORES, estamos comprometidos a hacer que tu experiencia de compra y venta sea excepcional.",concesionaria,,
D.S.,DS7 Crossback,2022.0,e-tense 300 bastille,Gris,Nafta,5.0,AUTOMÁTICA,,Sí,57200.0,D.s Ds7 Crossback E-tense 4x4 300 Bastille,54000.0,US$,"ATENCION!! COORDINAR CITA PREVIA PARA VER ESTA UNIDAD!!!!El precio publicado es de contado y es a tipo de cambio blue del momento.FINANCIACIÓN disponible a través de crédito prendario.DS DS7 Crossback E-tense 4x4 300 Bastille- Año 2022- 57200km.TOMAMOS UNO O MÁS USADOS EN PARTE DE PAGO.¿QUERES VENDER TU AUTO, PERO NECESITAS SEGUIR USANDOLO?¡PODEMOS TRABAJARLO DE ESA FORMA!TAMBIEN PODEMOS COMPRAR TU AUTO!Para más información contactanos.ESTACIONAMIENTO: Contamos con cocheras de cortesia enfrente.AUTOEMOCION",concesionaria,,4x4
Hyundai,Tucson,2025.0,premium,Blanco,Nafta,5.0,AUTOMÁTICA,,Sí,0.0,Hyundai Tucson 2WD AT Premium,48900.0,US$,"NEW TUCSON 2025 , concesionario y service oficial. reservá la tuya!",concesionaria,,4x2
Volkswagen,Nivus,2025.0,200 tsi comfortline l25,Celeste,Nafta,5.0,AUTOMÁTICA,,Sí,1000.0,Volkswagen Nivus 200 TSI COMFORTLINE AT L25,36500000.0,$,¡Encontra tu próximo auto en Car Advice! Tenemos más de 200 vehículos disponibles.• Brindamos garantía de 3 meses para el motor y la caja de cambios.• Financiamos hasta el 50% del valor del vehículo.• Recibimos tu usado a la mejor cotización del mercado.Ofrecemos una experiencia de compra satisfactoria que nos distingue como una opción confiable en el mercado.Nuestros clientes nos avalan con calificación de 5 estrellas en Google.Podes visitarnos en cualquiera de nuestras tres sucursales en Ciudad de Córdoba:• Bv. Los Granaderos 3110• Av. Caraffa 2883• Octavio Pinto 3169Horario de atención:Lunes a viernes de 9:30 a 19hs.Sábados de 9:30 a 14hs.¡Te esperamos para elegir tu próximo auto!,concesionaria,,
Volkswagen,Nivus,2024.0,200 tsi comfortline l24,Gris,Nafta,5.0,AUTOMÁTICA,,Sí,9171.0,Volkswagen Nivus 200 TSI COMFORTLINE AT L24,30200000.0,$,"CAR ONE – PREDIO SAN MARTIN.SOMOS EL PRIMER MEGA LEADER DEL PAÍS, QUE COMERCIALIZA EL MÁS AMPLIO STOCK DE USADOS CON 24 AÑOS DE EXPERIENCIA Y SATISFACCIÓN A NUESTROS CLIENTES, QUE AVALAN NUESTRA MARCA.+ AMPLIO STOCK DISPONIBLE.+ VEHÍCULOS CON GARANTÍA+ PISTA DE TEST DRIVE+ FINANCIACIÓN CON TASA FIJA!!!!+ TOMAMOS SU USADO AL MEJOR VALOR DEL MERCADO.+ ATENDEMOS A TODO EL PAÍS!!!*UNA COMPRA SIMPLE, RÁPIDA Y SEGURA.*¡CONTÁCTESE CON NOSOTROS!",tienda,,
Porsche,Macan,2025.0,electric,Negro,Eléctrico,5.0,AUTOMÁTICA,,Sí,0.0,Porsche Macan 4 Electric - 0km 2025 - Porsche Argentina,268000.0,US$,"En Nordenwagen S.A. somos el único importador y distribuidor exclusivo de Porsche para Argentina y Uruguay desde hace 32 años. Transmitimos el ADN Porsche, historia y valores de la marca; Perseguimos el entusiasmo del cliente con nuestros productos y servicios, la innovación y la sustentabilidad, abordando temas como la electro movilidad y el desarrollo de la red de cargas para vehículos eléctricos.Comercializamos vehículos nuevos y de re-estreno bajo el programa Porsche Approved, con asesores capacitados y certificados por Porsche AG.- UNIDAD DE STOCK! ENTREGA INMEDIATA!- PRUEBE NUESTRO CONFIGURADOR EN LA PÁGINA OFICIAL PORSCHE PARA SELECCIÓN DE COLORES, Y GRAN VARIEDAD DE OPCIONALESEQUIPAMIENTO/OPCIONALES:- RIELES DE TECHO EN ALUMINIO NEGRO- LAMINAS DESIGNACIÓN DEL MODELO Y LOGO ""ELÉCTRICO"" PINTADO EN PLATA - SUSPENSIÓN NEUMÁTICA ADAPTATIVA CON SISTEMA DE NIVELACIÓN Y AJUSTE DE ALTURA INCL. GESTIÓN ACTIVA DE LA SUSPENSIÓN PORSCHE (PASM)- PAQUETE SPORT CHRONO- DIRECCIÓN ASISTIDA PLUS - SONIDO DEPORTIVO ELÉCTRICO PORSCHE- FAROS PRINCIPALES MATRIX LED AZUL GLACIAR EXCLUSIVE MANUFAKTUR- PILOTOS TRASEROS LED CON TIRA LUMINOSA EN AZUL GLACIAR EXCLUSIVE MANUFAKTUR- ESCUDO PORSCHE EN LOS REPOSACABEZAS DELANTEROS EXCLUSIVE MANUFAKTUR- VOLANTE DEPORTIVO GT MULTIFUNCIÓN CALEFACTABLE EN RACE-TEX CON INTERRUPTOR DE MODO- INTERIOR ESCUDO DE PORSCHE EN EL REPOSABRAZOS DE LA CONSOLA CENTRALEXCLUSIVE MANUFAKTUR- MATAFUEGOS- ESFERA DE INSTRUMENTOS CON BRÚJULA/CRONÓMETRO DEPORTIVO ESFERA DE INSTRUMENTOS AZUL ÁRTICO EXCLUSIVE MANUFAKTUR- PANTALLA FRONTAL DE REALIDAD AUMENTADA- PARKASSIST INCL. VISTA ENVOLVENTE - CONTROL DE CRUCERO ADAPTATIVO- CONTROL CLIMÁTICO AVANZADO (4 ZONAS)- PANTALLA DE PASAJEROS - SISTEMA DE SONIDO ENVOLVENTE BOSEPORSCHE LANZA SU SEGUNDO MODELO TOTALMENTE ELÉCTRICO: EL NUEVO MACAN, CON MOTORES DE HASTA 639 CV (470 KW), OFRECE CARACTERÍSTICAS E-PERFORMANCE EN CUALQUIER TERRENO Y UNA ELEVADA VERSATILIDAD PARA EL USO DIARIO. LAS PRESTACIONES DE UN DEPORTIVO SE COMBINAN CON UNA CARGA RÁPIDA DE ALTO RENDIMIENTO, DE HASTA 270 KW, Y CON UNA AUTONOMÍA QUE LLEGA A 613 KILÓMETROS EN EL CICLO WLTP.DIEZ AÑOS DESPUÉS DE SU LANZAMIENTO, EL PORSCHE MACAN SE DIRIGE HACIA SU SEGUNDA GENERACIÓN, AHORA CON PROPULSIÓN CIEN POR CIEN ELÉCTRICA. CON LOS NUEVOS MACAN 4 Y MACAN TURBO, PORSCHE QUIERE SATISFACER POR COMPLETO LAS EXPECTATIVAS DE SUS CLIENTES QUE ELIGEN UN SUV. ESTO ES POSIBLE GRACIAS A UN DISEÑO EVOLUCIONADO Y ATEMPORAL, A LAS PRESTACIONES CARACTERÍSTICAS DE LOS MODELOS DE LA MARCA, A SU AUTONOMÍA PARA LARGOS RECORRIDOS Y A SU GRAN FUNCIONALIDAD EN EL DÍA A DÍA.PORSCHE UTILIZA EXCLUSIVAMENTE LA ÚLTIMA GENERACIÓN DE MOTORES ELÉCTRICOS DE IMANES PERMANENTES (PSM) EN LOS EJES DELANTERO Y TRASERO. GRACIAS A ELLO LOGRA UNA EFICIENCIA EXCELENTE Y HACE POSIBLE QUE LAS PRESTACIONES SE PUEDAN REPETIR DE FORMA ÓPTIMA UNA Y OTRA VEZ. LAS CIFRAS INDICAN POR SÍ MISMAS UN RENDIMIENTO DE PRIMERA: EN COMBINACIÓN CON EL LAUNCH CONTROL, EL MACAN 4 GENERA HASTA 408 CV (300 KW) DE POTENCIA EN MODO OVERBOOST, MIENTRAS QUE EL MACAN TURBO LLEGA HASTA 639 CV (470 KW). EL PAR MÁXIMO ES DE 650 Y 1.130 NM, RESPECTIVAMENTE, LO QUE GARANTIZA UNAS MAGNÍFICAS PRESTACIONES. EL MACAN 4 ACELERA DE 0 A 100 KM/H EN 5,2 SEGUNDOS, MIENTRAS QUE EL MACAN TURBO SOLO TARDA 3,3 SEGUNDOS. LAS DOS VERSIONES ALCANZAN UNA VELOCIDAD MÁXIMA DE 220 Y 260 KM/H, RESPECTIVAMENTE.NUEVA PLATAFORMA ELÉCTRICA PREMIUM (PPE) CON ARQUITECTURA DE 800 VOLTIOSLOS MOTORES ELÉCTRICOS OBTIENEN SU ENERGÍA DE UNA BATERÍA DE IONES DE LITIO SITUADA EN LOS BAJOS DE LA CARROCERÍA, CON UNA CAPACIDAD BRUTA DE 100 KWH, DE LOS CUALES PUEDEN UTILIZARSE ACTIVAMENTE HASTA 95 KWH. LA BATERÍA DE ALTA TENSIÓN (HV) ES UN COMPONENTE CENTRAL DE LA PLATAFORMA ELÉCTRICA PREMIUM (PPE) CON ARQUITECTURA DE 800 VOLTIOS DE NUEVO DESARROLLO, QUE PORSCHE UTILIZA POR PRIMERA VEZ EN EL MACAN. LA POTENCIA DE CARGA CON CORRIENTE CONTINUA (CC) LLEGA HASTA 270 KW. LA BATERÍA PUEDE CARGARSE DEL 10 % AL 80 % EN APROXIMADAMENTE 21 MINUTOS EN UNA ESTACIÓN DE CARGA RÁPIDA ADECUADA. EN ESTACIONES DE 400 VOLTIOS, UN CONMUTADOR DE ALTA TENSIÓN PERMITE LA CARGA POR SECCIONES PORQUE DIVIDE EN DOS LA BATERÍA DE 800 VOLTIOS, CADA UNA CON UNA TENSIÓN NOMINAL DE 400 VOLTIOS. ESTO HACE ESPECIALMENTE EFICIENTE LA CARGA DE HASTA 135 KW, SIN NECESIDAD DE UN TRANSFORMADOR DE ALTA TENSIÓN ADICIONAL. LA CARGA DOMÉSTICA CON CORRIENTE ALTERNA (CA) PUEDE ALCANZAR LOS 11 KW.LOS MOTORES ELÉCTRICOS PUEDEN RECUPERAR HASTA 240 KW DE ENERGÍA DURANTE LA MARCHA. EL SISTEMA INTEGRATED POWER BOX (IPB) TAMBIÉN CONTRIBUYE A LA EFICIENCIA DE LOS NUEVOS MODELOS MACAN, AL TIEMPO QUE AHORRA PESO Y ESPACIO. EL INNOVADOR Y COMPACTO IPB COMBINA TRES COMPONENTES: EL CARGADOR INSTALADO DE CA, EL CALENTADOR DE ALTA TENSIÓN Y EL TRANSFORMADOR CC/CC. LA AUTONOMÍA COMBINADA WLTP PUEDE ALCANZAR LOS 613 KILÓMETROS EN EL MACAN 4 Y LOS 591 KM EN EL MACAN TURBO.PROPORCIONES DEPORTIVAS Y LÍNEAS DE COUPÉGRACIAS A LAS PROPORCIONES MÁS ESTILIZADAS Y AL ADN PORSCHE DESIGN, EL NUEVO MACAN TIENE UN ASPECTO DINÁMICO Y CON CARÁCTER. LA SUAVE INCLINACIÓN DEL CAPÓ Y LAS ALETAS MUY PRONUNCIADAS CONFIEREN A ESTE SUV UN ASPECTO ATLÉTICO, INCLUSO CUANDO ESTÁ PARADO. MIDE 4.784 MILÍMETROS DE LARGO, 1.938 MM DE ANCHO Y 1.622 MM DE ALTO. EL NUEVO MACAN ESTÁ EQUIPADO CON LLANTAS DE HASTA 22 PULGADAS, CON NEUMÁTICOS DE DISTINTA ANCHURA EN CADA EJE. LA DISTANCIA ENTRE EJES, 86 MM MAYOR QUE EN EL MODELO ANTERIOR (2.893 MM), SE COMPENSA CON VOLADIZOS CORTOS DELANTE Y DETRÁS. LOS GRUPOS ÓPTICOS ESTÁN DIVIDIDOS EN DOS PARTES: LA UNIDAD SUPERIOR PLANA CON LUCES DIURNAS DE CUATRO PUNTOS ESTÁ INTEGRADA EN LAS ALETAS Y ACENTÚA LA ANCHURA DEL COCHE; EL MÓDULO DE LOS FAROS PRINCIPALES, OPCIONALMENTE CON TECNOLOGÍA MATRIX LED, ESTÁ SITUADO LIGERAMENTE MÁS ABAJO EN EL FRONTAL. LA CARACTERÍSTICA FLYLINE DE PORSCHE FORMA UNA UNIDAD CON LA LUNETA TRASERA PLANA. EN COMBINACIÓN CON LAS VENTANILLAS SIN MARCO Y LAS ALETAS LATERALES, EL RESULTADO ES UN DISEÑO ELEGANTE Y DEPORTIVO. LOS HOMBROS FUERTEMENTE PRONUNCIADOS CONFIEREN A LA ZAGA UN ASPECTO MUSCULOSO. EL LOGO PORSCHE SE SITÚA AHORA EN EL CENTRO DE LA ESCULTURAL BANDA LUMINOSA EN 3D.AERODINÁMICA ACTIVA Y PASIVA PARA UNA MAYOR AUTONOMÍAPORSCHE COMBINA SU ADN DE DISEÑO CON UNA AERODINÁMICA OPTIMIZADA PARA MEJORAR LA AUTONOMÍA. GRACIAS AL SISTEMA PORSCHE ACTIVE AERODYNAMICS (PAA), CON ELEMENTOS ACTIVOS Y PASIVOS, Y UN COEFICIENTE DE RESISTENCIA AL AVANCE DE 0,25, EL NUEVO MACAN ES UNO DE LOS SUV MÁS AERODINÁMICOS DEL MERCADO, LO QUE TIENE EFECTOS POSITIVOS EN LA AUTONOMÍA Y EL CONSUMO. EL SISTEMA PAA INCLUYE EL SPOILER TRASERO ADAPTATIVO, ALETAS DE REFRIGERACIÓN ACTIVAS EN LAS TOMAS DE AIRE DELANTERAS Y CUBIERTAS FLEXIBLES EN LOS BAJOS TOTALMENTE SELLADOS. LOS DEFLECTORES SITUADOS BAJO EL MÓDULO DE LOS FAROS Y EL FRONTAL REBAJADO OPTIMIZAN EL FLUJO DE AIRE. EN LA PARTE TRASERA, LOS BORDES LATERALES Y EL DIFUSOR DE LAMAS GARANTIZAN LA EFICIENCIA AERODINÁMICA.DOS MALETEROS Y MAYOR ESPACIO INTERIOR.DEPENDIENDO DE LA VERSIÓN Y DEL EQUIPAMIENTO INSTALADO, LA CAPACIDAD TRAS EL ASIENTO POSTERIOR LLEGA HASTA 540 LITROS (MODO DE CARGA). ADEMÁS, EXISTE EL FRUNK, UN SEGUNDO MALETERO BAJO EL CAPÓ, CON UNA CAPACIDAD DE 84 LITROS. ESTO SUPONE 127 LITROS MÁS QUE EL MODELO ANTERIOR. SI EL RESPALDO DEL ASIENTO TRASERO SE ABATE POR COMPLETO, EL VOLUMEN DE LA ZONA DE CARGA POSTERIOR AUMENTA HASTA 1.348 LITROS. LA CAPACIDAD MÁXIMA DE REMOLQUE DE 2.000 KILOGRAMOS SE SUMA A LAS CUALIDADES PRÁCTICAS DEL NUEVO MACAN.DEPENDIENDO DE LA VERSIÓN Y DEL EQUIPAMIENTO, EL CONDUCTOR Y EL ACOMPAÑANTE SE SIENTAN AHORA HASTA 28 MM MÁS ABAJO QUE ANTES, MIENTRAS QUE LOS PASAJEROS TRASEROS ESTÁN 15 MM MÁS ABAJO Y TIENEN MAYOR ESPACIO PARA LAS PIERNAS. EL INTERIOR ES INCONFUNDIBLEMENTE PORSCHE: LA ANCHURA DEL PUESTO DE CONDUCCIÓN SE ACENTÚA CON UN PANEL NEGRO INTEGRADO. EL DISEÑO ASCENDENTE DE LA CONSOLA CENTRAL AUMENTA LA IMPRESIÓN DE UNA POSICIÓN BAJA Y CENTRADA EN LAS PRESTACIONES DEL VEHÍCULO. AL MISMO TIEMPO, LAS VENTANILLAS DE GRAN TAMAÑO APORTAN UNA SENSACIÓN DE LUMINOSIDAD Y AMPLITUD A LOS OCUPANTES. ADEMÁS DE LAS MODERNAS INTERFACES DE USUARIO DIGITALES, TAMBIÉN HAY ALGUNOS ELEMENTOS DE CONTROL ANALÓGICOS, POR EJEMPLO, EN LAS SALIDAS DE VENTILACIÓN Y LOS MANDOS DE LA CLIMATIZACIÓN. UNA TIRA DE LUCES LED ESTÁ INTEGRADA EN EL EMBELLECEDOR DEL HABITÁCULO Y LAS PUERTAS. ACTÚA COMO ILUMINACIÓN AMBIENTAL Y COMO LUZ DE COMUNICACIÓN. DEPENDIENDO DE LA SITUACIÓN, PROPORCIONA INFORMACIÓN O AVISOS, POR EJEMPLO, PARA SALUDAR DURANTE LOS PROCESOS DE CARGA O EN COMBINACIÓN CON LOS SISTEMAS DE ASISTENCIA AL CONDUCTOR. EL EQUIPAMIENTO DEL NUEVO MACAN PERMITE UN ALTO GRADO DE PERSONALIZACIÓN.PORSCHE TAMBIÉN SE HA PROPUESTO UTILIZAR MATERIALES MÁS ECOLÓGICOS EN SUS COCHES. UNA PARTE DE ELLOS ESTÁN PRESENTES EN ELEMENTOS SELECCIONADOS DEL INTERIOR DEL MACAN ELÉCTRICO.EXPERIENCIA DE CONDUCCIÓN: GRAN POTENCIA INFORMÁTICA Y CONECTIVIDADEL MACAN ESTÁ EQUIPADO CON EL CONCEPTO DE VISUALIZACIÓN Y MANEJO DE ÚLTIMA GENERACIÓN, CON HASTA TRES PANTALLAS, INCLUYENDO LA INSTRUMENTACIÓN INDEPENDIENTE DE 12,6 PULGADAS CON DISEÑO CURVO Y LA PANTALLA CENTRAL DE 10,9 PULGADAS. COMO NOVEDAD, EL PASAJERO DELANTERO, CON SU PROPIO DISPLAY OPCIONAL DE 10,9 PULGADAS, PUEDE VER INFORMACIÓN, AJUSTAR LA CONFIGURACIÓN DEL SISTEMA DE INFOENTRETENIMIENTO O REPRODUCIR CONTENIDOS DE VÍDEO DURANTE LA MARCHA. POR PRIMERA VEZ, EL SISTEMA PORSCHE DRIVER EXPERIENCE TAMBIÉN INCLUYE UN HEAD-UP DISPLAY CON TECNOLOGÍA DE REALIDAD AUMENTADA. ELEMENTOS VIRTUALES COMO LAS FLECHAS DE NAVEGACIÓN SE INTEGRAN VISUALMENTE A LA PERFECCIÓN EN EL MUNDO REAL. LA IMAGEN APARECE ANTE EL CONDUCTOR A UNA DISTANCIA DE 10 METROS Y EQUIVALE A LA DE UNA PANTALLA DE 87 PULGADAS.EL SISTEMA DE INFOENTRETENIMIENTO DE NUEVA GENERACIÓN SE BASA EN ANDROID AUTOMOTIVE OS. EL SISTEMA PORSCHE COMMUNICATION MANAGEMENT (PCM), DE SERIE EN EL NUEVO MACAN, LLEVA EL RENDIMIENTO INFORMÁTICO A UN NUEVO NIVEL. POR EJEMPLO, EL ASISTENTE DE VOZ “HEY PORSCHE” SUGIERE MUY RÁPIDAMENTE RUTAS, INCLUIDAS LAS PARADAS DE CARGA. EN EL NUEVO PORSCHE APP CENTRE, LOS PASAJEROS PUEDEN ACCEDER DIRECTAMENTE A APLICACIONES POPULARES DE TERCEROS PROVEEDORES E INSTALARLAS DIRECTAMENTE EN EL NUEVO MACAN.PRIMER MACAN CON DIRECCIÓN EN EL EJE TRASERO Y AMORTIGUADORES DE DOS VÁLVULASPORSCHE HA DESARROLLADO EL MACAN CENTRÁNDOSE EN LA DINÁMICA PROPIA DE LA MARCA Y EN UN TACTO DE LA DIRECCIÓN INCONFUNDIBLE. TANTO EL MACAN 4 COMO EL MACAN TURBO TIENEN TRACCIÓN TOTAL. LOS DOS MOTORES ELÉCTRICOS SE CONTROLAN A TRAVÉS DE LA ELECTRÓNICA DE POTENCIA CASI EN TIEMPO REAL. EL SISTEMA PORSCHE TRACTION MANAGEMENT (EPTM), CONTROLADO ELECTRÓNICAMENTE, FUNCIONA UNAS CINCO VECES MÁS RÁPIDO QUE UNA TRACCIÓN INTEGRAL CONVENCIONAL Y PUEDE RESPONDER AL DESLIZAMIENTO EN 10 MILISEGUNDOS. ADEMÁS, LA DISTRIBUCIÓN DE LA TRACCIÓN TOTAL SE RIGE POR EL PROGRAMA DE CONDUCCIÓN SELECCIONADO. EL PORSCHE TORQUE VECTORING PLUS (PTV PLUS), UN BLOQUEO DE DIFERENCIAL CONTROLADO ELECTRÓNICAMENTE EN EL EJE TRASERO, TAMBIÉN CONTRIBUYE A LA TRACCIÓN, LA ESTABILIDAD DE MARCHA Y EL DINAMISMO LATERAL DEL MACAN TURBO.LAS VERSIONES MACAN CON SUSPENSIÓN NEUMÁTICA, DE SERIE EN EL TURBO, ESTÁN EQUIPADAS CON EL CONTROL ELECTRÓNICO DE LA AMORTIGUACIÓN PORSCHE ACTIVE SUSPENSION MANAGEMENT (PASM). TAMBIÉN PUEDE COMBINARSE OPCIONALMENTE CON LA SUSPENSIÓN DE MUELLES DE ACERO. ADEMÁS, EL PASM DISPONE AHORA DE AMORTIGUADORES CON TECNOLOGÍA DE DOS VÁLVULAS. GRACIAS AL MAPA DE AMORTIGUACIÓN MÁS AMPLIO, SE CONSIGUE UN MARGEN MAYOR ENTRE CONFORT Y ESTABILIDAD. ESTO HACE QUE LAS DIFERENCIAS ENTRE LOS PROGRAMAS SEAN AÚN MÁS TANGIBLES.POR PRIMERA VEZ, EL MACAN DISPONE DE DIRECCIÓN OPCIONAL EN EL EJE TRASERO, CON UN ÁNGULO DE GIRO MÁXIMO DE CINCO GRADOS. PERMITE UN REDUCIDO DIÁMETRO DE GIRO DE 11,1 METROS EN EL TRÁFICO URBANO Y AL MANIOBRAR, AL TIEMPO QUE OFRECE UNA ESTABILIDAD EXCEPCIONAL A VELOCIDADES MÁS ALTAS, COMPLEMENTADA POR LA DIRECCIÓN SENSIBLE Y PRECISA DEL EJE DELANTERO POR LA QUE LA MARCA ES CONOCIDA.CARACTERÍSTICAS TÉCNICAS (DATOS OFICIALES SEGÚN PORSCHE AG):- POTENCIA HASTA (KW): 285 KW- AUMENTO SOBRE PODER CON CONTROL DE LANZAMIENTO HASTA (KW): 300 KW- AUMENTO SOBRE PODER CON CONTROL DE LANZAMIENTO HASTA (PS): 408 PS- MÁXIMO TORQUE CON CONTROL DE LANZAMIENTO: 650 NM- MÁXIMO TORQUE DE RUEDA CON CONTROL DE LANZAMIENTO: 6.224 NM- CAPACIDAD BRUTA DE LA BATERÍA: 100,0 KWH- CAPACIDAD NETA DE LA BATERÍA: 96,0 KWH- MÁXIMA POTENCIA DE CARGA CON CORRIENTE CONTINUA (DC): 270 KW- TIEMPO DE CARGA PARA CORRIENTE ALTERNA (AC) CON 9,6KW (0 HASTA 100%): 11,00 H- TIEMPO DE CARGA PARA CORRIENTE ALTERNA (AC) CON 11KW (0 A HASTA 100%): 10,0 H- LONGITUD: 4.784 MM- ANCHO: 1.938 MM- ANCHO (CON ESPEJOS): 2.152 MM- ALTURA: 1.622 MM- DISTANCIA ENTRE EJES: 2.893 MM- RADIO DE GIRO: 12,1 M- PESO EN VACÍO (DIN): 2.330 KG- PESO BRUTO ADMISIBLE: 2.920 KG- CARGA MÁXIMA: 590 KG- MÁX. CARGA DE REMOLQUE (FRENADA): 2.000 KG-MÁX. CARGA DE REMOLQUE (SIN FRENOS): 750 KG- PESO DE LA TROMPA (EG): 80 KG- CARGA MÁXIMA ADMISIBLE SOBRE EL TECHO CON SISTEMA DE TRANSPORTE DE TECHO PORSCHE: 75 KG- VOLUMEN DEL MALETERO, DELANTE: 84 L- VOLUMEN DEL MALETERO ABIERTO (HASTA EL BORDE SUPERIOR DE LOS ASIENTOS TRASEROS): 540 L- MAYOR VOLUMEN DE MALETERO (DETRÁS DE LOS ASIENTOS DELANTEROS, HASTA EL TECHO): 1.348 L- VELOCIDAD MÁXIMA: 220 KM/H- ACELERACIÓN 0 - 100 KM/H CON CONTROL DE LANZAMIENTO: 5,2 S- ACELERACIÓN 0 - 160 KM/H CON CONTROL DE LANZAMIENTO: 11,8 S- ACELERACIÓN 0 - 200 KM/H CON CONTROL DE LANZAMIENTO: 19,0 S- ACELERACIÓN (80-120 KM/H) (50-75 MPH) CON CONTROL DE LANZAMIENTO: 3,1 S",tienda,,
BMW,X3,2018.0,30i,Gris,Nafta,5.0,AUTOMÁTICA,,No,94000.0,Bmw X 3 30 I Xdrive Xline 2018,46500.0,US$,Excelente estado. Service oficialesAceptamos permutas.Estamos trabajando con cita previa. Envianos un whatsapp al celular de la publicación o via chat de Mercado Libre y coordinamos tu visita.El vehículo no se encuentra en la agencia. por favor coordinar visita previa.,concesionaria,,4x4
Mini,Cooper Countryman,2023.0,classic,Rojo,Nafta,5.0,AUTOMÁTICA,,No,0.0,Mini  Countryman Cooper Classic Genco Mini ,46900.0,US$,"Estimados Clientes:Consulte por financiacion.Estamos ubicados en Rodriguez Peña 401 de Godoy Cruz, a la par del supermercado Makro.Concesionario oficial:BMW, MINI, BMW Motorrad, en Mendoza. Contamos con área de ventas de Usados.Contamos con servicio de PostVenta:- Talleres: con personal profesional altamente capacitado ofrecemos servicios mecánicos, como así también de estética automotriz, con personal altamente calificado, tecnología e insumos del más alto nivel para garantizar la calidad de nuestros servicios.- Sector de Repuestos y Accesorios: donde podrá conseguir todo lo necesario para su vehículo.Sin duda nuestra trayectoria nos respalda. No dude en contactarnos.",concesionaria,136.0,
BMW,X1,2025.0,e xline,MINERALWEISS METALLIC,Nafta,5.0,AUTOMÁTICA,,Sí,0.0,BMW X1 25 E XDRIVE XLINE,89900.0,US$,El vendedor no incluyó una descripción del producto,concesionaria,,4x4
Ford,Bronco,1981.0,xlt v8 302,Azul,Nafta,2.0,AUTOMÁTICA,,,1111111.0,Ford Bronco XLT V8 302,55000.0,US$,"Ford bronco v8Motor 302AutomáticaLlantas American Racingcubiertas bf goodrich 33x12,5x15Aire acondicionado( solo entendidos )",concesionaria,,
Citroën,C3 Aircross,2025.0,t200 feel pack 7as,Rojo,Nafta,5.0,AUTOMÁTICA,,,0.0,Citroën C3 Aircross t200 feel pack 7as,27400000.0,$,"***** ATENCION**** CONTAMOS CON STOCK DISPONIBLE *ENTREGA INMEDIATA!!!FINANCIA $20.000.000 EN 24 CUOTAS FIJAS EN PESOS DE 833.400 TASA 0% INTERES!!!!!**** EXCLUSIVA FINANCIACION A TASA 0% POR VEINTE MILLONES DE PESOS A 24 MESES****** Mejoramos cualquier presupuesto del país * *financiacion en cuotas fijas o variables** NAVE MOTORS ** Concesionario con mas de 10 años de experiencia en vehiculos citroën **tenemos la mejor financiacion del mercado** El asesoramiento personalizado, calidad de servicio, buena atención, responsabilidad y transparencia son nuestros principales atributos para que tengas la mejor experiencia de compra ** NO DUDES Y CONSÚLTANOS ANTES DE DECIDIRTE *SIEMPRE CON ¡ENTREGA INMEDIATA!* RETIRA YA TU 0KM CON UN MÍNIMO ANTICIPO y SOLO CON DNI * (FINANCIACIÓN + DESCUENTO) * * * (FINANCIACIÓN + DESCUENTO *",tienda,,
Peugeot,2008,2025.0,gt am25,Gris,Nafta,5.0,AUTOMÁTICA,,,1000.0,Peugeot 2008 Gt Am25,43900000.0,$,"Desde BMW AutoPremier tenemos para ofrecerte una PEUGEOT 2008 GT AM25 (LINEA NUEVA) en excelente estado.Por favor con el fin de brindarte una buena atención, te invitamos a coordinar una cita previamente y así asegurarnos que la unidad de tu interés esté lista y preparada en nuestro salón.Nuestros horarios de atención son de lunes a viernes de 9:00 a 19:00hs y sábados de 10:00 a 14:00hs.Antes cualquier duda o comentario quedamos a tu entera disposición.",tienda,120.0,
BMW,X2,2025.0,20i okm 2025,Gris,Nafta,5.0,AUTOMÁTICA,,,0.0,Bmw X2 Okm 2025 - Linea Nueva ,85000.0,US$,"BMW X2 20i XDRRIVE M Sport X Okm 20254X4 Tracción integral - Linea nuevaEquipo M - 205CVColor: VariosPrecio Lista / Permuta u$s 85.000 dólaresPrecio Contado u$s 85.000 dólaresValor publicado con equipo de serieEl valor de los opcionales independientes los deberá consultar según el color disponible • TOMA DE USADOS:Deberá mandarnos por whatsapp :Fotos - Km - Año - Versión - Estado de neumáticosEl usado puede ser de cualquier marcaLa toma del usado se hace sobre el precio de listaDesde el botón WHATSAPP se contacta inmediatamente.•Respondermos su consulta por whatsapp en el momento •Concesionario oficial BMWMisael Ferrer+ Aceptamos Transferencia en Pesos o Dólares ++ Cuentas bancarias en todos los bancos +• Bell Motors - Concesionario oficial BMW •Compre tranquilo, compre en concesionario oficial• ATENCIÓN PERSONALIZADA• DOCUMENTACIÓN AL DÍA Y LISTA PARA PATENTARContamos con Administración y Gestoría",concesionaria,205.0,4x4
BMW,X6,2017.0,m,Blanco,Nafta,5.0,,,,35000.0,Bmw X6 M 575 Cv,148000.0,US$,"BMW X6 M 575 CV 750 NM.Versión tope de gama M.- Servicios oficiales.- PPF trompa completa + tratamiento cerámico.- Sin detalles de ningún tipo, estado sobresaliente.- 4 cubiertas 0km recién colocadas.Máximo equipo:- Rodado 21"",- Audio Bang&Olufsen,- Cierre soft close,- Tapizado cuero merino,- Interior en fibra de carbono.La mejor realmente. Considero permutas menor valor de mi interés, únicamente vehículos.",particular,575.0,
BMW,X4,2025.0,i m sport,Negro,Nafta,5.0,AUTOMÁTICA,,Sí,0.0,BMW X4 30 I XDRIVE M SPORT,106900.0,US$,El vendedor no incluyó una descripción del producto,concesionaria,,4x4
Porsche,Cayenne,2025.0,e-hybrid,Negro,Híbrido/Nafta,5.0,AUTOMÁTICA,,Sí,0.0,Porsche Cayenne E-hybrid (e3ii) - 0km 2025 - Porsche Argenti,259000.0,US$,"En Nordenwagen S.A. somos el único importador y distribuidor exclusivo de Porsche para Argentina y Uruguay desde hace 32 años. Transmitimos el ADN Porsche, historia y valores de la marca; Perseguimos el entusiasmo del cliente con nuestros productos y servicios, la innovación y la sustentabilidad, abordando temas como la electro movilidad y el desarrollo de la red de cargas para vehículos eléctricos.Comercializamos vehículos nuevos y de re-estreno bajo el programa Porsche Approved, con asesores capacitados y certificados por Porsche AG.-  UNIDAD DE STOCK!- ENTREGA INMEDIATA!EQUIPAMIENTO/OPCIONALES:- COLOR: CROMITA NEGRO METALIZADO- RUEDAS SPORT DESIGN DE 22 PULGADAS CON EXTENSIONES DE PASOS DE RUEDA EN EL COLOR EXTERIOR- INTERIOR PARCIALMENTE DE CUERO NEGRO- ASIENTOS ASIENTOS DEPORTIVOS ADAPTATIVOS DELANTEROS (18 POSICIONES, ELÉCTRICOS)-  PAQUETE EXTERIOR NEGRO (BRILLANTE)EXCLUSIVE MANUFAKTUR- SISTEMA DE TECHO PANORÁMICO - RIELES DE TECHO EN ALUMINIO NEGRO- PREPARACIÓN PARA SISTEMA DE ENGANCHE- ESCUDO PORSCHE EN LOS REPOSACABEZAS DE LOS ASIENTOS DELANTEROSEXCLUSIVE MANUFAKTUR- AJUSTE ELÉCTRICO DE LA COLUMNA DE DIRECCIÓN  - REVESTIMIENTO DEL TECHO DE TELA  - CAJA DE CAMBIOS AUTOMÁTICA DE 8 VELOCIDADES- PORSCHE ENTRY & DRIVE- HOMELINK - PAQUETE DE MEMORIA PARA EL CONDUCTOR Y EL PASAJERO DELANTERO- PANTALLA DE PASAJEROS- SISTEMA DE SONIDO ENVOLVENTE BOSE® ALGUNAS CARACTERÍSTICAS TÉCNICAS (DATOS OFICIALES SEGÚN PORSCHE AG):- NUMERO DE CILINDROS: 6- CALIBRE: 84,5 MM- CARRERA: 89,0 MM- CILINDRADA: 2.995 CM³- POTENCIA (KW): 224 KW- POTENCIA (PS): 304 PS- VELOCIDAD MÁXIMA DEL MOTOR: 6.500 1/MIN- MAX. TORQUE: 420 NM- POTENCIA COMBINADA (KW): 346 KW- MOTOR ELÉCTRICO DE POTENCIA (KW): 130 KW- POTENCIA COMBINADA (PS): 470 PS- MOTOR ELÉCTRICO DE POTENCIA (PS): 176 PS- TORQUE COMBINADO: 650 NM- TORQUE MOTOR ELÉCTRICO: 460 NM- MÁX. PRODUCCIÓN POR LITRO (KW/L): 75,00 KW/L- MÁX. PRODUCCIÓN POR LITRO (PS/L): 102,00 PS/L- VELOCIDAD MÁXIMA: 254 KM/H- ACELERACIÓN 0 - 100 KM/H: 4,9 S",tienda,353.0,
BMW,X1,2025.0,18i okm 2025,Negro,Nafta,5.0,AUTOMÁTICA,,,0.0,Bmw X1 18i Okm 2025 - No Audi Q3 Ni Mercedes Gla,65000.0,US$,"BMW X1 18i XDRIVE Okm 2025Entrega inmediata - Versión fullLINEA NUEVA 2025 - AutomáticaLa más esperada del añoLa versión full agrega doble techo + asiento eléctrico + Llanta deportivaColores disponibles: Blanca / negra / grisPrecio Lista / Permuta u$s 69.900 dólaresPrecio Contado Efectivo u$s 65.000 dólares• TOMA DE USADOS:Deberá mandarnos por whatsapp :Fotos - Km - Año - Versión - Estado de neumáticosEl usado puede ser de cualquier marcaLa toma del usado se hace sobre el precio de listaDesde el botón WHATSAPP se contacta inmediatamente.•Respondermos su consulta por whatsapp en el momento •Concesionario oficial BMWMisael Ferrer+ Aceptamos Transferencia en Pesos o Dólares ++ Cuentas bancarias en todos los bancos +• Bell Motors - Concesionario oficial BMW •Compre tranquilo, compre en concesionario oficial• ATENCIÓN PERSONALIZADA• DOCUMENTACIÓN AL DÍA Y LISTA PARA PATENTARContamos con Administración y GestoríaEspecificaciones del vehículo:Motor 3 cilindros / 140 hpTransmisión Caja de cambios automática de 7 velocidades con tecnología de embrague doble y aplicación más deportivaTracción 4x2Tanque de gasolina 51 litrosRendimiento Combinado: 6.0 LEquipamiento exteriorDoble techo eléctrico panorámicoLlantas de aleación ligera de 18 pulgadasNeumáticos de emergenciaPaquete de espejos retrovisores exteriores plegablesAccionamiento automático del portón traseroCámara para marcha atrásPaquete de retrovisores interior y exterioresSensores de estacionamiento delanteros y traserosAcceso confort: no necesita llave para abrir y cerrar las puertasEl portón trasero se abre pasando el píe por debajo del paragolpes.Estaciona completamente sólo paralelo o perpendicular.Asistente de luz de carreteraEquipamiento interiorCargador inalámbrico para el celularVolante multifuncionalAlfombrillas de veloursRetrovisor interior, con ajuste automático anti-deslumbramientoReposabrazos delanteroAsientos deportivos para conductor eléctrico con memoriaPaquete de compartimentosClimatizador automático bi zonaPaquete de iluminación exterior e interiorVolante deportivo de cueroTapizado de cuero microperforadoComunicación y entretenimientoApple CarPlay y Android auto incluidos de fábricaAppsSeguridadTornillos antirrobo para las llantasDispositivo de alarmaIluminación y visibilidadFaros LED con contenido ampliado adaptativoAsistencia a la conducciónCaja de cambios Steptronic Sport con doble embragueControl de crucero con función de frenadoPantalla táctil curva de de 11 pulgadas",concesionaria,140.0,
BMW,X1,2025.0,okm 2025 black edition ( - ),Negro,Nafta,5.0,AUTOMÁTICA,,,0.0,BMW X1 X1 OKM 2025 Black Edition (4x2 - Automática),59900.0,US$,"BMW X1 18i XDRIVE Okm 20254x2 - Versión full - AutomáticaLINEA NUEVA 2025La más esperada del añoVersión Black EditionColor disponible: NegraPrecio Lista / Permuta u$s 59.900 dólaresPrecio Contado Efectivo u$s 59.900 dólares• TOMA DE USADOS:Deberá mandarnos por whatsapp :Fotos - Km - Año - Versión - Estado de neumáticosEl usado puede ser de cualquier marcaLa toma del usado se hace sobre el precio de listaDesde el botón WHATSAPP se contacta inmediatamente.•Respondermos su consulta por whatsapp en el momento •Concesionario oficial BMWMisael Ferrer+ Aceptamos Transferencia en Pesos o Dólares ++ Cuentas bancarias en todos los bancos +• Bell Motors - Concesionario oficial BMW •Compre tranquilo, compre en concesionario oficial• ATENCIÓN PERSONALIZADA• DOCUMENTACIÓN AL DÍA Y LISTA PARA PATENTARContamos con Administración y GestoríaEspecificaciones del vehículo:Motor 3 cilindros / 156 hpTransmisión Caja de cambios automática de 7 velocidades con tecnología de embrague doble y aplicación más deportivaTracción 4x2Tanque de gasolina 51 litrosRendimiento Combinado: 6.0 LEquipamiento exteriorDoble techo eléctrico panorámicoLlantas de aleación ligera de 18 pulgadasNeumáticos de emergenciaPaquete de espejos retrovisores exteriores plegablesAccionamiento automático del portón traseroCámara para marcha atrásPaquete de retrovisores interior y exterioresSensores de estacionamiento delanteros y traserosAcceso confort: no necesita llave para abrir y cerrar las puertasEl portón trasero se abre pasando el píe por debajo del paragolpes.Estaciona completamente sólo paralelo o perpendicular.Asistente de luz de carreteraEquipamiento interiorCargador inalámbrico para el celularVolante multifuncionalAlfombrillas de veloursRetrovisor interior, con ajuste automático anti-deslumbramientoReposabrazos delanteroAsientos deportivos para conductor Paquete de compartimentosClimatizador automático bi zonaPaquete de iluminación exterior e interiorVolante deportivo de cueroTapizado de cuero microperforadoComunicación y entretenimientoApple CarPlay y Android auto incluidos de fábricaAppsSeguridadTornillos antirrobo para las llantasDispositivo de alarmaIluminación y visibilidadFaros LED con contenido ampliado adaptativoAsistencia a la conducciónCaja de cambios Steptronic Sport con doble embragueControl de crucero con función de frenadoPantalla táctil curva de de 11 pulgadas",concesionaria,156.0,4x2
BMW,X5,2025.0,i m sport,Negro,Nafta,5.0,AUTOMÁTICA,,Sí,0.0,BMW X5 40 I XDRIVE M SPORT,179900.0,US$,El vendedor no incluyó una descripción del producto,concesionaria,,4x4
Suzuki,Vitara,2005.0,gran tdi peugeot,Gris,Diésel,5.0,MANUAL,,,310000.0,4x4,10000.0,US$,El vendedor no incluyó una descripción del producto,particular,,4x4
Volvo,XC60,2023.0,polestar t8,Gris,Híbrido/Nafta,5.0,AUTOMÁTICA,,,35000.0,Volvo XC60 POLESTAR T8 462HP,113900.0,US$,"VOLVO XC60 T8 POLESTAR - HÍBRIDO ENCHUFABLEPOTENCIA COMBINADA 462HPAUTONOMÍA 100% ELÉCTRICA 78KMUNICO DUEÑO USO GERENCIAL------------------------------------------------------------ACCESO SIN LLAVEAIRBAGS 6 ANCLAJES ISOFIX EN ASIENTOS LATERALES TRASEROSANDROID AUTO / APPLE CARPLAYASIENTO DE CONDUCTOR ELÉCTRICO CON AJUSTE LUMBAR DE 4 VÍASASIENTO DE CONDUCTOR CON MEMORIAASIENTO DE PASAJERO ELÉCTRICO CON AJUSTE LUMBAR DE 4 VÍASASIENTO DE PASAJERO CON MEMORIAASIENTOS DELANTEROS CALEFACCIONADOSASIENTOS DELANTEROS CON EXTENSOR ELÉCTRICOAUXILIO KIT DE REPARACIÓN BAÚL CON APERTURA ELÉCTRICA Y GESTUALBLIND SPOT INFORMATION SYSTEM + CROSS TRAFFIC ALERTCÁMARA DE ESTACIONAMIENTO 360°CAPACIDAD DEL TANQUE DE COMBUSTIBLE (LTS) 71CARGADOR INALÁMBRICO DE CELULARCITY SAFETYCLIMATIZADOR BIZONA + CLEANZONE + PM2.5COLLISION MITIGATION SUPPORT DELANTERO Y TRASEROCONECTORES USB 2 TIPO CCONTROL DE VELOCIDAD CRUCERO ADAPTATIVODISEÑO INTERIOR METAL MESHESPEJOS EXTERIORES CALEFACCIONADOS Y REBATIBLES ELÉCTRICAMENTEESPEJOS RETROVISORES ANTIENCANDILAMIENTOFAROS DELANTEROS FULL LEDGOOGLE BUILT ININTELLIGENT DRIVER INFORMATION SYSTEMLATERALES DE VENTANA NEGRO BRILLANTE LANE KEEPING AIDLLANTAS DE ALEACIÓN 21"" (1187) | 255/40 R21MODOS DE MANEJONAVEGADOR GPS (GOOGLE MAPS)PANEL DE INSTRUMENTOS DIGITAL - 12,3""PANTALLA MULTIMEDIA - 9""PILOT ASSISTRIELES DE TECHO LONGITUDINALES INTEGRADOS NEGRO BRILLANTESEGURO ELECTRÓNICO PARA NIÑOSSELECTOR DE CAMBIOS CRISTALSENSORES DE ESTACIONAMIENTO 360°SISTEMA DE SONIDO BOWERS & WILKINS (1800W)TAPIZADO CUERO NAPPA / RG0R00TECHO PANORÁMICO CORREDIZOTELA DE TECHO EN EL INTERIOR OSCURATYRE PRESSURE MONITORING SYSTEMVOLANTE CALEFACCIONADOVOLANTE DE CUERO MULTIFUNCIÓN SPORT------------------------------------------------------------Ditecar S.A. Concesionario oficial Volvo en ArgentinaCoordinar cita previaSucursal Vicente LópezAVDA. DEL LIBERTADOR 1513 - Vicente López.Estacionamiento exclusivo para clientes.Lunes a Viernes de 9hs a 18.30hsSábados de 10hs a 14hsSucursal Nuñez CabaAVDA. DEL LIBERTADOR 6356 - CABA.Estacionamiento exclusivo para clientes.Lunes a Viernes de 9hs a 18hs",concesionaria,462.0,
Toyota,SW4,2025.0,gr,,Diésel,6.0,AUTOMÁTICA,,,0.0,Toyota Sw4 Gr -2025,86000000.0,$,"Con un diseño al mismo tiempo fuerte y elegante, un confort lujoso y funcional.A patentar",concesionaria,,
BMW,X1,2025.0,okm 2025 black edition ( - ),Negro,Nafta,5.0,AUTOMÁTICA,,,0.0,BMW X1 X1 OKM 2025 Black Edition (4x2 - Automática),59900.0,US$,"BMW X1 18i XDRIVE Okm 20254x2 - Versión full - AutomáticaLINEA NUEVA 2025La más esperada del añoVersión Black EditionColor disponible: NegraPrecio Lista / Permuta u$s 59.900 dólaresPrecio Contado Efectivo u$s 59.900 dólares• TOMA DE USADOS:Deberá mandarnos por whatsapp :Fotos - Km - Año - Versión - Estado de neumáticosEl usado puede ser de cualquier marcaLa toma del usado se hace sobre el precio de listaDesde el botón WHATSAPP se contacta inmediatamente.•Respondermos su consulta por whatsapp en el momento •Concesionario oficial BMWMisael Ferrer+ Aceptamos Transferencia en Pesos o Dólares ++ Cuentas bancarias en todos los bancos +• Bell Motors - Concesionario oficial BMW •Compre tranquilo, compre en concesionario oficial• ATENCIÓN PERSONALIZADA• DOCUMENTACIÓN AL DÍA Y LISTA PARA PATENTARContamos con Administración y GestoríaEspecificaciones del vehículo:Motor 3 cilindros / 156 hpTransmisión Caja de cambios automática de 7 velocidades con tecnología de embrague doble y aplicación más deportivaTracción 4x2Tanque de gasolina 51 litrosRendimiento Combinado: 6.0 LEquipamiento exteriorDoble techo eléctrico panorámicoLlantas de aleación ligera de 18 pulgadasNeumáticos de emergenciaPaquete de espejos retrovisores exteriores plegablesAccionamiento automático del portón traseroCámara para marcha atrásPaquete de retrovisores interior y exterioresSensores de estacionamiento delanteros y traserosAcceso confort: no necesita llave para abrir y cerrar las puertasEl portón trasero se abre pasando el píe por debajo del paragolpes.Estaciona completamente sólo paralelo o perpendicular.Asistente de luz de carreteraEquipamiento interiorCargador inalámbrico para el celularVolante multifuncionalAlfombrillas de veloursRetrovisor interior, con ajuste automático anti-deslumbramientoReposabrazos delanteroAsientos deportivos para conductor Paquete de compartimentosClimatizador automático bi zonaPaquete de iluminación exterior e interiorVolante deportivo de cueroTapizado de cuero microperforadoComunicación y entretenimientoApple CarPlay y Android auto incluidos de fábricaAppsSeguridadTornillos antirrobo para las llantasDispositivo de alarmaIluminación y visibilidadFaros LED con contenido ampliado adaptativoAsistencia a la conducciónCaja de cambios Steptronic Sport con doble embragueControl de crucero con función de frenadoPantalla táctil curva de de 11 pulgadas",concesionaria,156.0,4x2
BMW,X1,2025.0,18i okm 2025,Blanco,Nafta,5.0,AUTOMÁTICA,,,0.0,Bmw X1 18i Okm 2025 - No Audi Q3 Ni Mercedes Gla,65000.0,US$,"BMW X1 18i Xline Okm 2025( Somos concesionario oficial BMW )Versión full - LINEA NUEVA 20254x2 - 140 cv TurboLa más esperada del añoTablero curvoLa versión full agrega doble techo + asiento eléctrico + Llanta deportivaColores disponibles: Blanca / negra / azulPrecio Lista / Permuta u$s 69.900 dólaresPrecio Contado Efectivo u$s 65.000 dólares• TOMA DE USADOS:Deberá mandarnos por whatsapp :Fotos - Km - Año - Versión - Estado de neumáticosEl usado puede ser de cualquier marcaLa toma del usado se hace sobre el precio de listaDesde el botón WHATSAPP se contacta inmediatamente.•Respondermos su consulta por whatsapp en el momento •Concesionario oficial BMWMisael Ferrer+ Aceptamos Transferencia en Pesos o Dólares ++ Cuentas bancarias en todos los bancos +• Bell Motors - Concesionario oficial BMW •Compre tranquilo, compre en concesionario oficial• ATENCIÓN PERSONALIZADA• DOCUMENTACIÓN AL DÍA Y LISTA PARA PATENTARContamos con Administración y GestoríaEspecificaciones del vehículo:Motor 3 cilindros / 140 hpTransmisión Caja de cambios automática de 7 velocidades con tecnología de embrague doble y aplicación más deportivaTracción 4x2Tanque de gasolina 51 litrosRendimiento Combinado: 6.0 LEquipamiento exteriorDoble techo eléctrico panorámicoLlantas de aleación ligera de 18 pulgadasNeumáticos de emergenciaPaquete de espejos retrovisores exteriores plegablesAccionamiento automático del portón traseroCámara para marcha atrásPaquete de retrovisores interior y exterioresSensores de estacionamiento delanteros y traserosAcceso confort: no necesita llave para abrir y cerrar las puertasEl portón trasero se abre pasando el píe por debajo del paragolpes.Estaciona completamente sólo paralelo o perpendicular.Asistente de luz de carreteraEquipamiento interiorCargador inalámbrico para el celularVolante multifuncionalAlfombrillas de veloursRetrovisor interior, con ajuste automático anti-deslumbramientoReposabrazos delanteroAsientos deportivos para conductor eléctrico con memoriaPaquete de compartimentosClimatizador automático bi zonaPaquete de iluminación exterior e interiorVolante deportivo de cueroTapizado de cuero microperforadoComunicación y entretenimientoApple CarPlay y Android auto incluidos de fábricaAppsSeguridadTornillos antirrobo para las llantasDispositivo de alarmaIluminación y visibilidadFaros LED con contenido ampliado adaptativoAsistencia a la conducciónCaja de cambios Steptronic Sport con doble embragueControl de crucero con función de frenadoPantalla táctil curva de de 11 pulgadas",concesionaria,140.0,
Volkswagen,Nivus,2025.0,200 tsi trendline l25,GRIS PLATINO,Nafta,5.0,AUTOMÁTICA,,Sí,0.0,Volkswagen Nivus 200 TSI TRENDLINE AT L25,30800000.0,$,"Somos AUTOCITY, un grupo de concesionarios con un estilo único de hacer negocios.Brindamos servicios que facilitan el acceso a la MOVILIDAD para las personas.Con 80 años de experiencia en el rubro, ofrecemos SEGURIDAD y el mejor SERVICIO a nuestros clientes.Contamos con seis marcas líderes del mercado: RENAULT, FIAT, PEUGEOT, VOLKSWAGEN, NISSAN y JEEP; la oferta de USADOS más amplia del país y SERVICIO DE POSVENTA OFICIAL, todo en un solo lugar.Tenemos SUCURSALES en Córdoba capital, Río Cuarto, Villa María y San Luis.Ofrecemos amplias posibilidades de FINANCIACIÓN.RECIBIMOS TU USADO como parte de pago.Somos NÚMERO UNO EN ENTREGAS en la red de concesionarios oficiales.Comprar un auto es mucho más que un negocio, es una experiencia.La experiencia Autocity.",concesionaria,,
Volvo,XC60,2023.0,t8 recharge,Gris,Híbrido/Nafta,5.0,AUTOMÁTICA,,,20000.0,Volvo Xc60 T8 Awd Recharge 2022,100000.0,US$,"Todos los T8 Plug-In Hybrid vienen de serie con tracción integral y combinan un motor 2.0 turbonaftero (317 cv) con otro eléctrico (145 cv), para entregar un rendimiento total de 462 caballos de potencia y 709 Nm de torque..- CAJA AUTOMATICA- VOLANTE MULTIFUNCIÓN- TAPIZADO DE CUERO- ASIENTOS CON REGULACION ELECTRICA- ASIENTOS DELANTEROS CALEFACCIONADOS- SISTEMAS DE AYUDA A LA CONDUCCION- AUDIO HARMAN KARDON- TECHO PANORAMICO CORREDIZO ELECTRICO- LLANTAS DE ALEACION- NAVEGADOR- SENSORES DE ESTACIONAMIENTO- CAMARA TRASERA DE ESTACIONAMIENTO Y 360°- CLIMATIZADOR AUTOMATICO BIZONA- USB- BLUETOOTH- APPLE CARPLAY / ANDROID AUTO-ACCSESO SIN LLAVE-SISTEMA GOOGLE INTEGRADO-PORTON ELECTRICO",particular,,4x4
Toyota,RAV4,2000.0,,Azul,Nafta,5.0,MANUAL,,,210000.0,Toyota Rav4 4x4 1998,11000.0,US$,DOCUMENTACIÓN COMPLETA Y AL DÍA,concesionaria,,4x4
BMW,X6,2025.0,i m sport,Negro,Nafta,5.0,AUTOMÁTICA,,Sí,0.0,BMW X6 40 I XDRIVE M SPORT,189900.0,US$,AUTO MUNICH,concesionaria,,4x4
Honda,HR-V,2002.0,aleron,Rojo,Nafta,5.0,MANUAL,,,204000.0,Honda Hr-v Mod 2002  4x4 Inteligente Con 204000 Km U$ 6500,6500.0,US$,"HONDA HRV DEL 2002 ANDANDO A DIARIO CON DETALLES DE LOS AÑOS, VTV, VERIFICACION Y AUTOPARTES, LISTA PARA TRANSFERIRLA CAMIONETA ES 4X4 INTELIGENTE, SE ACTIVA SOLO CUNDO HACE FALTA, ESTA FUNCIONANDO PERFECTMENTE MOTOR 1600 IGUAL AL CIVIC VIEJOEL VEHICULO ESTA EN CITY BELL LA PLATASE PUEDE VER TODOS LOS DIASEL CONTACTO ESTA PUBLICADOSE ENTREGA TRANSFERIDO AL DIAPOSIBLE PERMUTAPRECIO U$ 6500 TRANSFERENCIA INCLUIDA",particular,,4x4
BMW,X6,2017.0,m,Negro,Nafta,5.0,AUTOMÁTICA,,,37500.0,Bmw X6m 575cv,135000.0,US$,"BMW X6 M AÑO 201737.500KMServicios oficialesPPF Negro brillante completo colocado hace 6 meses(El color de la camioneta original, es Long Beach Blue Metallic) Solo ingresaron 2 al pais de dicho color.AUTOWORKS - TOMAMOS PERMUTAS",particular,575.0,
Volkswagen,Nivus,2020.0,200 tsi highline l20,Gris oscuro,Nafta,5.0,AUTOMÁTICA,,Sí,54500.0,Volkswagen Nivus 200 TSI HIGHLINE AT L20,27000000.0,$,"CAR ONE – PREDIO TORTUGUITASSOMOS EL PRIMER MEGA LEADER DEL PAÍS, QUE COMERCIALIZA EL MÁS AMPLIO STOCK DE USADOS CON 24 AÑOS DE EXPERIENCIA Y SATISFACCIÓN A NUESTROS CLIENTES, QUE AVALAN NUESTRA MARCA.+ AMPLIO STOCK DISPONIBLE.+ VEHÍCULOS CON GARANTÍA+ PISTA DE TEST RIVE+ FINANCIACIÓN CON TASA FIJA!!!!+ TOMAMOS SU USADO AL MEJOR VALOR DEL MERCADO.+ ATENDEMOS A TODO EL PAÍS!!!*UNA COMPRA SIMPLE, RÁPIDA Y SEGURA.*¡CONTÁCTESE CON NOSOTROS!",tienda,,
BMW,X3,2025.0,,Gris,Híbrido/Nafta,5.0,AUTOMÁTICA,,,1000.0,BMW X3 20 xDrive,99900.0,US$,"Desde Auto Premium Usados Seleccionados tenemos para ofrecerte un BMW X3 20 XDRIVE MHEV 2025 Con 200 KmsCuenta con toda la documentación al día, listo para transferir.El precio publicado es en dolar informal TC ventaCaracterísticas destacadas:- HYBRIDO (NO PAGA PATENTES EN CABA, PEAJES Y SEGURO MAS ECONOMICO) - CAJA AUTOMATICA- ASIENTOS TAPIZADOS EN CUERO - DIFERENTES MODOS DE MANEJO- BMW ASSISTANT PLUS- LLANTAS DE ALEACION EN 19- FAROS DE LED- NAVEGADOR- CARPLAY- TECHO PANORAMICO CORREDIZO- SENSORES DE ESTACIONAMIENTO DELANTEROS Y TRASEROS- CAMARAS 360- CLIMATIZADOR AUTOMATICO BI-ZONA- USB- BLUETOOTH",concesionaria,,4x4
Volkswagen,Taos,2024.0,comfortline 250tsi,Plateado,Nafta,5.0,AUTOMÁTICA,,Sí,0.0,Volkswagen Taos Comfortline 250Tsi AT,37290000.0,$,Volkswagen Taos Comfortline 250tsi AT6 0km EN STOCK DISPONIBLE2025-- VENTA EN TODO EL PAIS-- FINANCIACION DIRECTO DE FABRICA (NO ES PLAN DE AHORRO)-- TOMAMOS USADOS EN PARTE DE PAGO-- MEJOR PRECIO CONTADO-- STOCK FISICO PARA ENTREGA INMEDIATA-- SOMOS CASA CENTRAL-- ESTACIONAMIENTO PROPIO (PREVIO AVISO)-- ATENDEMOS RE VENDEDORES-- UNIDADES TEST DRIVE PARA QUE REALICES UNA PRUEBA DE MANEJO-- PEDINOS QUE TE AGENDEMOS EN WHATSAPP PARA VER TODA LA INFO QUE PONEMOS POR ESE MEDIO EN LOS ESTADOS Y APROVECHAR NUESTRAS OFERTAS !!-- LA PUBLICACION NO INCLUYE GASTOS Y LOS PRECIOS PUEDEN VARIAR SEGUN VOLKSWAGEN ARGENTINA.-- FOTOS A MODO ILUSTRATIVO-- CONSULTA TAMBIEN POR OTROS MODELOS DE VOLKSWAGEN 0KM,concesionaria,150.0,
Volvo,XC40,2024.0,ultimate recharged 100% electrica,Blanco,Eléctrico,5.0,AUTOMÁTICA,,Sí,0.0,Xc40 Recharge - Eléctrica ,77900.0,US$,"VOLVO XC40 RECHARGED 100% ELÉCTRICATRACCIÓN INTEGRAL DOBLE MOTOR COMBINADOS 408HPUNIDADES PARA ENTREGA INMEDIATACONSULTAR DISPONIBILIDAD DE COLORESPRECIO PUBLICADO PARA OP DE CONTADOCONSULTAR PRECIO CON PERMUTA-----------------------------------------------------------ACCESO Y ENCENDIDO SIN LLAVEAIRBAGS 7ANCLAJES ISOFIX EN ASIENTOS LATERALES TRASEROSAPPLE CARPLAYASIENTO DE CONDUCTOR ELÉCTRICO CON AJUSTE LUMBAR DE 4 VÍASASIENTO DE CONDUCTOR CON MEMORIAASIENTOS DELANTEROS CALEFACCIONADOSASIENTOS DELANTEROS CON EXTENSOR MANUALASIENTOS TRASEROS CALEFACCIONADOSKIT DE REPARACIÓNBAÚL CON APERTURA ELÉCTRICA Y GESTUALBLIND SPOT INFORMATION SYSTEM + CROSS TRAFFIC ALERTCÁMARA DE ESTACIONAMIENTO 360°CARGADOR INALÁMBRICO DE CELULARCITY SAFETYCLIMATIZADOR BI ZONACOLLISION MITIGATION SUPPORT DELANTERO Y TRASEROCONECTORES USB 4CONTROL DE VELOCIDAD CRUCERO ADAPTATIVOESPEJOS EXTERIORES CALEFACCIONADOS Y REBATIBLESELÉCTRICAMENTEESPEJOS RETROVISORES ANTIENCANDILAMIENTOFAROS DELANTEROS Y TRASEROS FULL LEDFAROS ANTINIEBLA DELANTEROS (CON FUNCIÓN CORNERING) Y TRASEROSFRENADO AUTÓNOMO DE EMERGENCIAGOOGLE BUILT INLATERALES DE VENTANA NEGRO BRILLANTELANE KEEPING AIDLLANTAS DE ALEACIÓN 20""NAVEGADOR GPS A TRAVES DE GOOGLE MAPSPANEL DE INSTRUMENTOS DIGITAL - 12,3”PANTALLA MULTIMEDIA - 9”PILOT ASSISTSEGURO ELECTRÓNICO PARA NIÑOSSENSORES DE ESTACIONAMIENTO DEL Y TRASSISTEMA DE SONIDO HARMAN KARDON 600WTAPIZADO MICROTECHTECHO PANORÁMICO FIJOTELA DE TECHO EN EL INTERIORTRAILER MODULE PREPARATION (1091)TYRE PRESSURE MONITORING SYSTEMVOLANTE DE CUERO MULTIFUNCIÓNVOLANTE CALEFACCIONADO-----------------------------------------------------------DITECAR S.A. CONCESIONARIO OFICIAL VOLVOCoordinar cita previaPROXIMAMENTE VIA VIVA - BELGRANO - LIBERTADOR Y LACROZESucursal Vicente LópezAVDA. DEL LIBERTADOR 1513 - Vicente López.Estacionamiento exclusivo para clientes.Lunes a Viernes de 9hs a 18.30hsSábados de 10hs a 14hsSucursal Nuñez CabaAVDA. DEL LIBERTADOR 6356 - CABA.Estacionamiento exclusivo para clientes.Lunes a Viernes de 9hs a 18hs",concesionaria,408.0,
BMW,X3,2024.0,30e,Gris,Híbrido/Nafta,4.0,AUTOMÁTICA,,Sí,0.0,BMW X3 xDrive 30e,99900.0,US$,"Vehículo 0 km año 2024Estimados Clientes:Consulte por finaciacionGarantia 3 años o 200.000 kmServicio SOS mientras el vehiculo conserve su garantia!Estamos ubicados en Rodriguez Peña 401 de Godoy Cruz, a la par del supermercado Makro.Concesionario oficial:BMW, MINI, BMW Motorrad, en Mendoza. Contamos con área de ventas de Usados.Contamos con servicio de PostVenta:- Talleres: con personal profesional altamente capacitado ofrecemos servicios mecánicos, como así también de estética automotriz, con personal altamente calificado, tecnología e insumos del más alto nivel para garantizar la calidad de nuestros servicios.- Sector de Repuestos y Accesorios: donde podrá conseguir todo lo necesario para su vehículo.Sin duda nuestra trayectoria nos respalda. No dude en contactarnos.",concesionaria,,4x4
Land Rover,Range Rover Sport,2025.0,autobiography phev,Negro,Híbrido/Nafta,5.0,AUTOMÁTICA,,,0.0,Land Rover Range Rover Sport AUTOBIOGRAPHY PHEV,315000.0,US$,"RANGE ROVER SPORT AUTOBIOGRAPHYVEHÍCULO HIBRIDO ENCHUFABLEAUTONÓMÍA ELÉCTRICA URBANA/INTERURBANA 100KM VELOCIDAD MAX 140KM/HPOTENCIA COMBINADA 460HP-----------------------------------------APPLE CARPLAY / ANDROID AUTO - WIRLESSASIENTOS ELÉCTRICOS VENTILADOS Y CALEFACIONADOSASIENTOS CON 22 TIPOS DE MASAJESAPERTURA Y ENCENDIDO POR PRESENCIAAVISO DE PUNTO CIEGOASISTENCIA EN LA PERMANENCIA DEL CARRILALERTA DE TRÁFICO CRUZADOASISTENTE DE PARTIDA EN PENDIENTEALL TERRAIN PROGRESS CONTROLBLACK PACKCARGA INALAMBRICA DE CELULARCÁMARA 360°CIERRE SOFT PUERTASCLIMATIZACIÓN DE 3 ZONASCRUCERO ADAPTATIVOCOLUMNA DE DIRECCIÓN ELÉCTRICADIFERENCIAL CON ACTIVACIÓN ELECTRÓNICAFAROS PREMIUM LEDLLANTAS 20""PANTALLA CENTRAL 11.4""PANTALLAS INFOENTRETENIMIENTO TRASERASRUEDA DE AUXILIO ORIGINALSUSPENSIÓN ELECTRÓNICA DE AIRESISTEMA DE SONIDO MERIDIANTECHO PANORÁMICO CON APERTURA ELÉCTRICATERRAINSE RESPONSE 2-----------------------------------------Ditecar S.A. Concesionario oficial Land Rover en ArgentinaCoordinar cita previaPROXIMAMENTE VIA VIVA - BELGRANO AV DEL LIBERTADOR Y LACROZESucursal Nuñez CabaAVDA. DEL LIBERTADOR 6356 - CABA.Estacionamiento exclusivo para clientes.Lunes a Viernes de 9hs a 18hs",concesionaria,460.0,
Volkswagen,Nivus,2021.0,200 tsi comfortline l20,Gris oscuro,Nafta,5.0,AUTOMÁTICA,,Sí,88770.0,Volkswagen Nivus 200 TSI COMFORTLINE AT L20,25000000.0,$,"¿Cómo es comprar y vender en CARMUV?Fácil, rápido, seguro y transparenteCOMPRA CON GARANTIASElegís y comparas los autos que quierasReserva tu auto favoritoLo podes financiar con créditos personales BANCORRecibimos como parte de pago tu auto de menor y/ o mayor valorTe llevas un auto con garantía, certificado e inspeccionado por especialistasSomos CARMUV una empresa de GRUPO TAGLE dedicada a la compra y venta de vehículos 100% digitalEncontramos en Instagram como @carmuv_autos",concesionaria,,
